hex,Color Name,Red,Green,Blue,Family,Link,Souirce,Color
#0048ba,Absolute Zero,0,72,186,,https://www.color-hex.com/color/0048ba,color-hex.com,
#b0bf1a,Acid Green,176,191,26,,https://www.color-hex.com/color/b0bf1a,color-hex.com,
#f0f8ff,AliceBlue,240,248,255,,https://www.color-hex.com/color/f0f8ff,color-hex.com,
#e32636,Alizarin crimson,227,38,54,,https://www.color-hex.com/color/e32636,color-hex.com,
#e52b50,Amaranth,229,43,80,,https://www.color-hex.com/color/e52b50,color-hex.com,
#ffbf00,Amber,255,191,0,,https://www.color-hex.com/color/ffbf00,color-hex.com,
#9966cc,Amethyst,153,102,204,,https://www.color-hex.com/color/9966cc,color-hex.com,
#faebd7,AntiqueWhite,250,235,215,,https://www.color-hex.com/color/faebd7,color-hex.com,
#ffefdb,AntiqueWhite1,255,239,219,,https://www.color-hex.com/color/ffefdb,color-hex.com,
#eedfcc,AntiqueWhite2,238,223,204,,https://www.color-hex.com/color/eedfcc,color-hex.com,
#cdc0b0,AntiqueWhite3,205,192,176,,https://www.color-hex.com/color/cdc0b0,color-hex.com,
#8b8378,AntiqueWhite4,139,131,120,,https://www.color-hex.com/color/8b8378,color-hex.com,
#fbceb1,Apricot,251,206,177,,https://www.color-hex.com/color/fbceb1,color-hex.com,
#00ffff,Aqua,0,255,255,,https://www.color-hex.com/color/00ffff,color-hex.com,
#7fffd4,Aquamarine1,127,255,212,,https://www.color-hex.com/color/7fffd4,color-hex.com,
#76eec6,Aquamarine2,118,238,198,,https://www.color-hex.com/color/76eec6,color-hex.com,
#458b74,Aquamarine4,69,139,116,,https://www.color-hex.com/color/458b74,color-hex.com,
#4b5320,Army Green,75,83,32,,https://www.color-hex.com/color/4b5320,color-hex.com,
#e9d66b,Arylide Yellow,233,214,107,,https://www.color-hex.com/color/e9d66b,color-hex.com,
#b2beb5,Ash Grey,178,190,181,,https://www.color-hex.com/color/b2beb5,color-hex.com,
#87a96b,Asparagus,135,169,107,,https://www.color-hex.com/color/87a96b,color-hex.com,
#fdee00,Aureolin,253,238,0,,https://www.color-hex.com/color/fdee00,color-hex.com,
#f0ffff,Azure1,240,255,255,,https://www.color-hex.com/color/f0ffff,color-hex.com,
#e0eeee,Azure2,224,238,238,,https://www.color-hex.com/color/e0eeee,color-hex.com,
#c1cdcd,Azure3,193,205,205,,https://www.color-hex.com/color/c1cdcd,color-hex.com,
#838b8b,Azure4,131,139,139,,https://www.color-hex.com/color/838b8b,color-hex.com,
#89cff0,Baby Blue,137,207,240,,https://www.color-hex.com/color/89cff0,color-hex.com,
#f4c2c2,Baby Pink,244,194,194,,https://www.color-hex.com/color/f4c2c2,color-hex.com,
#ff91af,Baker-Miller Pink,255,145,175,,https://www.color-hex.com/color/ff91af,color-hex.com,
#fae7b5,Banana Mania,250,231,181,,https://www.color-hex.com/color/fae7b5,color-hex.com,
#ffe135,Banana Yellow,255,225,53,,https://www.color-hex.com/color/ffe135,color-hex.com,
#7c0a02,Barn Red,124,10,2,,https://www.color-hex.com/color/7c0a02,color-hex.com,
#848482,Battleship Gray,132,132,130,,https://www.color-hex.com/color/848482,color-hex.com,
#9f8170,Beaver,159,129,112,,https://www.color-hex.com/color/9f8170,color-hex.com,
#f5f5dc,Beige,245,245,220,,https://www.color-hex.com/color/f5f5dc,color-hex.com,
#ffe4c4,Bisque1,255,228,196,,https://www.color-hex.com/color/ffe4c4,color-hex.com,
#eed5b7,Bisque2,238,213,183,,https://www.color-hex.com/color/eed5b7,color-hex.com,
#cdb79e,Bisque3,205,183,158,,https://www.color-hex.com/color/cdb79e,color-hex.com,
#8b7d6b,Bisque4,139,125,107,,https://www.color-hex.com/color/8b7d6b,color-hex.com,
#3d2b1f,Bistre,61,43,31,,https://www.color-hex.com/color/3d2b1f,color-hex.com,
#cae00d,Bitter Lemon,202,224,13,,https://www.color-hex.com/color/cae00d,color-hex.com,
#bfff00,Bitter Lime,191,255,0,,https://www.color-hex.com/color/bfff00,color-hex.com,
#fe6f5e,Bittersweet,254,111,94,,https://www.color-hex.com/color/fe6f5e,color-hex.com,
#bf4f51,Bittersweet Shimmer,191,79,81,,https://www.color-hex.com/color/bf4f51,color-hex.com,
#000000,Black,0,0,0,,https://www.color-hex.com/color/000000,color-hex.com,
#3b2f2f,Black Coffee,59,47,47,,https://www.color-hex.com/color/3b2f2f,color-hex.com,
#3b3c36,Black Olive,59,60,54,,https://www.color-hex.com/color/3b3c36,color-hex.com,
#bfafb2,Black Shadows,191,175,178,,https://www.color-hex.com/color/bfafb2,color-hex.com,
#ffebcd,BlanchedAlmond,255,235,205,,https://www.color-hex.com/color/ffebcd,color-hex.com,
#318ce7,Bleu de France,49,140,231,,https://www.color-hex.com/color/318ce7,color-hex.com,
#faf0be,Blond,250,240,190,,https://www.color-hex.com/color/faf0be,color-hex.com,
#0018a8,Blue (Pantone),0,24,168,,https://www.color-hex.com/color/0018a8,color-hex.com,
#a2a2d0,Blue Bell,162,162,208,,https://www.color-hex.com/color/a2a2d0,color-hex.com,
#0d98ba,Blue Green,13,152,186,,https://www.color-hex.com/color/0d98ba,color-hex.com,
#0000ff,Blue1,0,0,255,,https://www.color-hex.com/color/0000ff,color-hex.com,
#0000ee,Blue2,0,0,238,,https://www.color-hex.com/color/0000ee,color-hex.com,
#00008b,Blue4,0,0,139,,https://www.color-hex.com/color/00008b,color-hex.com,
#8a2be2,BlueViolet,138,43,226,,https://www.color-hex.com/color/8a2be2,color-hex.com,
#79443b,Bole,121,68,59,,https://www.color-hex.com/color/79443b,color-hex.com,
#e3dac9,Bone,227,218,201,,https://www.color-hex.com/color/e3dac9,color-hex.com,
#873260,Boysenberry,135,50,96,,https://www.color-hex.com/color/873260,color-hex.com,
#0070ff,Brandeis Blue,0,112,255,,https://www.color-hex.com/color/0070ff,color-hex.com,
#b5a642,Brass,181,166,66,,https://www.color-hex.com/color/b5a642,color-hex.com,
#cb4154,Brick Red,203,65,84,,https://www.color-hex.com/color/cb4154,color-hex.com,
#1dacd6,Bright Cerulean,29,172,214,,https://www.color-hex.com/color/1dacd6,color-hex.com,
#66ff00,Bright Green,102,255,0,,https://www.color-hex.com/color/66ff00,color-hex.com,
#bf94e4,Bright Lavender,191,148,228,,https://www.color-hex.com/color/bf94e4,color-hex.com,
#d891ef,Bright Lilac,216,145,239,,https://www.color-hex.com/color/d891ef,color-hex.com,
#c32148,Bright Maroon,195,33,72,,https://www.color-hex.com/color/c32148,color-hex.com,
#1974d2,Bright Navy Blue,25,116,210,,https://www.color-hex.com/color/1974d2,color-hex.com,
#08e8de,Bright Turquoise,8,232,222,,https://www.color-hex.com/color/08e8de,color-hex.com,
#d19fe8,Bright Ube,209,159,232,,https://www.color-hex.com/color/d19fe8,color-hex.com,
#ff55a3,Brilliant Rose,255,85,163,,https://www.color-hex.com/color/ff55a3,color-hex.com,
#fb607f,Brink Pink,251,96,127,,https://www.color-hex.com/color/fb607f,color-hex.com,
#004225,British Racing Green,0,66,37,,https://www.color-hex.com/color/004225,color-hex.com,
#cd7f32,Bronze,205,127,50,,https://www.color-hex.com/color/cd7f32,color-hex.com,
#a52a2a,Brown,165,42,42,,https://www.color-hex.com/color/a52a2a,color-hex.com,
#ff4040,Brown1,255,64,64,,https://www.color-hex.com/color/ff4040,color-hex.com,
#ee3b3b,Brown2,238,59,59,,https://www.color-hex.com/color/ee3b3b,color-hex.com,
#cd3333,Brown3,205,51,51,,https://www.color-hex.com/color/cd3333,color-hex.com,
#8b2323,Brown4,139,35,35,,https://www.color-hex.com/color/8b2323,color-hex.com,
#1b4d3e,Brunswick Green,27,77,62,,https://www.color-hex.com/color/1b4d3e,color-hex.com,
#ffc1cc,Bubble Gum,255,193,204,,https://www.color-hex.com/color/ffc1cc,color-hex.com,
#f0dc82,Buff,240,220,130,,https://www.color-hex.com/color/f0dc82,color-hex.com,
#480607,Bulgarian Rose,72,6,7,,https://www.color-hex.com/color/480607,color-hex.com,
#800020,Burgundy,128,0,32,,https://www.color-hex.com/color/800020,color-hex.com,
#deb887,Burlywood,222,184,135,,https://www.color-hex.com/color/deb887,color-hex.com,
#ffd39b,Burlywood1,255,211,155,,https://www.color-hex.com/color/ffd39b,color-hex.com,
#eec591,Burlywood2,238,197,145,,https://www.color-hex.com/color/eec591,color-hex.com,
#cdaa7d,Burlywood3,205,170,125,,https://www.color-hex.com/color/cdaa7d,color-hex.com,
#8b7355,Burlywood4,139,115,85,,https://www.color-hex.com/color/8b7355,color-hex.com,
#a17a74,Burnished Brown,161,122,116,,https://www.color-hex.com/color/a17a74,color-hex.com,
#cc5500,Burnt Orange,204,85,0,,https://www.color-hex.com/color/cc5500,color-hex.com,
#e97451,Burnt Sienna,233,116,81,,https://www.color-hex.com/color/e97451,color-hex.com,
#8a3324,Burnt Umber,138,51,36,,https://www.color-hex.com/color/8a3324,color-hex.com,
#bd33a4,Byzantine,189,51,164,,https://www.color-hex.com/color/bd33a4,color-hex.com,
#702963,Byzantium,112,41,99,,https://www.color-hex.com/color/702963,color-hex.com,
#91a3b0,Cadet Grey,145,163,176,,https://www.color-hex.com/color/91a3b0,color-hex.com,
#5f9ea0,CadetBlue,95,158,160,,https://www.color-hex.com/color/5f9ea0,color-hex.com,
#98f5ff,CadetBlue1,152,245,255,,https://www.color-hex.com/color/98f5ff,color-hex.com,
#8ee5ee,CadetBlue2,142,229,238,,https://www.color-hex.com/color/8ee5ee,color-hex.com,
#7ac5cd,CadetBlue3,122,197,205,,https://www.color-hex.com/color/7ac5cd,color-hex.com,
#53868b,CadetBlue4,83,134,139,,https://www.color-hex.com/color/53868b,color-hex.com,
#006b3c,Cadmium Green,0,107,60,,https://www.color-hex.com/color/006b3c,color-hex.com,
#ed872d,Cadmium Orange,237,135,45,,https://www.color-hex.com/color/ed872d,color-hex.com,
#e30022,Cadmium Red,227,0,34,,https://www.color-hex.com/color/e30022,color-hex.com,
#fff600,Cadmium Yellow,255,246,0,,https://www.color-hex.com/color/fff600,color-hex.com,
#a3c1ad,Cambridge Blue,163,193,173,,https://www.color-hex.com/color/a3c1ad,color-hex.com,
#c19a6b,Camel,193,154,107,,https://www.color-hex.com/color/c19a6b,color-hex.com,
#efbbcc,Cameo Pink,239,187,204,,https://www.color-hex.com/color/efbbcc,color-hex.com,
#78866b,Camouflage Green,120,134,107,,https://www.color-hex.com/color/78866b,color-hex.com,
#ffff99,Canary,255,255,153,,https://www.color-hex.com/color/ffff99,color-hex.com,
#ffef00,Canary Yellow,255,239,0,,https://www.color-hex.com/color/ffef00,color-hex.com,
#ff0800,Candy Apple Red,255,8,0,,https://www.color-hex.com/color/ff0800,color-hex.com,
#e4717a,Candy Pink,228,113,122,,https://www.color-hex.com/color/e4717a,color-hex.com,
#592720,Caput Mortuum,89,39,32,,https://www.color-hex.com/color/592720,color-hex.com,
#c41e3a,Cardinal,196,30,58,,https://www.color-hex.com/color/c41e3a,color-hex.com,
#00cc99,Caribbean Green,0,204,153,,https://www.color-hex.com/color/00cc99,color-hex.com,
#960018,Carmine,150,0,24,,https://www.color-hex.com/color/960018,color-hex.com,
#eb4c42,Carmine Pink,235,76,66,,https://www.color-hex.com/color/eb4c42,color-hex.com,
#ffa6c9,Carnation Pink,255,166,201,,https://www.color-hex.com/color/ffa6c9,color-hex.com,
#b31b1b,Carnelian,179,27,27,,https://www.color-hex.com/color/b31b1b,color-hex.com,
#56a0d3,Carolina Blue,86,160,211,,https://www.color-hex.com/color/56a0d3,color-hex.com,
#ed9121,Carrot Orange,237,145,33,,https://www.color-hex.com/color/ed9121,color-hex.com,
#00563f,Castleton Green,0,86,63,,https://www.color-hex.com/color/00563f,color-hex.com,
#c95a49,Cedar Chest,201,90,73,,https://www.color-hex.com/color/c95a49,color-hex.com,
#ace1af,Celadon,172,225,175,,https://www.color-hex.com/color/ace1af,color-hex.com,
#2f847c,Celadon Green,47,132,124,,https://www.color-hex.com/color/2f847c,color-hex.com,
#b2ffff,Celeste,178,255,255,,https://www.color-hex.com/color/b2ffff,color-hex.com,
#246bce,Celtic Blue,36,107,206,,https://www.color-hex.com/color/246bce,color-hex.com,
#de3163,Cerise,222,49,99,,https://www.color-hex.com/color/de3163,color-hex.com,
#007ba7,Cerulean,0,123,167,,https://www.color-hex.com/color/007ba7,color-hex.com,
#2a52be,Cerulean Blue,42,82,190,,https://www.color-hex.com/color/2a52be,color-hex.com,
#6d9bc3,Cerulean Frost,109,155,195,,https://www.color-hex.com/color/6d9bc3,color-hex.com,
#007aa5,Cg Blue,0,122,165,,https://www.color-hex.com/color/007aa5,color-hex.com,
#a0785a,Chamoisee,160,120,90,,https://www.color-hex.com/color/a0785a,color-hex.com,
#f7e7ce,Champagne,247,231,206,,https://www.color-hex.com/color/f7e7ce,color-hex.com,
#36454f,Charcoal,54,69,79,,https://www.color-hex.com/color/36454f,color-hex.com,
#7fff00,Chartreuse1,127,255,0,,https://www.color-hex.com/color/7fff00,color-hex.com,
#76ee00,Chartreuse2,118,238,0,,https://www.color-hex.com/color/76ee00,color-hex.com,
#66cd00,Chartreuse3,102,205,0,,https://www.color-hex.com/color/66cd00,color-hex.com,
#458b00,Chartreuse4,69,139,0,,https://www.color-hex.com/color/458b00,color-hex.com,
#ffb7c5,Cherry Blossom Pink,255,183,197,,https://www.color-hex.com/color/ffb7c5,color-hex.com,
#954535,Chestnut,149,69,53,,https://www.color-hex.com/color/954535,color-hex.com,
#d2691e,Chocolate,210,105,30,,https://www.color-hex.com/color/d2691e,color-hex.com,
#ff7f24,Chocolate1,255,127,36,,https://www.color-hex.com/color/ff7f24,color-hex.com,
#ee7621,Chocolate2,238,118,33,,https://www.color-hex.com/color/ee7621,color-hex.com,
#cd661d,Chocolate3,205,102,29,,https://www.color-hex.com/color/cd661d,color-hex.com,
#ffa700,Chrome Yellow,255,167,0,,https://www.color-hex.com/color/ffa700,color-hex.com,
#98817b,Cinereous,152,129,123,,https://www.color-hex.com/color/98817b,color-hex.com,
#e34234,Cinnabar,227,66,52,,https://www.color-hex.com/color/e34234,color-hex.com,
#e4d00a,Citrine,228,208,10,,https://www.color-hex.com/color/e4d00a,color-hex.com,
#9fa91f,Citron,159,169,31,,https://www.color-hex.com/color/9fa91f,color-hex.com,
#7f1734,Claret,127,23,52,,https://www.color-hex.com/color/7f1734,color-hex.com,
#0047ab,Cobalt,0,71,171,,https://www.color-hex.com/color/0047ab,color-hex.com,
#6f4e37,Coffee,111,78,55,,https://www.color-hex.com/color/6f4e37,color-hex.com,
#8c92ac,Cool Grey,140,146,172,,https://www.color-hex.com/color/8c92ac,color-hex.com,
#b87333,Copper,184,115,51,,https://www.color-hex.com/color/b87333,color-hex.com,
#cb6d51,Copper Red,203,109,81,,https://www.color-hex.com/color/cb6d51,color-hex.com,
#996666,Copper Rose,153,102,102,,https://www.color-hex.com/color/996666,color-hex.com,
#ff3800,Coquelicot,255,56,0,,https://www.color-hex.com/color/ff3800,color-hex.com,
#ff7f50,Coral,255,127,80,,https://www.color-hex.com/color/ff7f50,color-hex.com,
#f88379,Coral Pink,248,131,121,,https://www.color-hex.com/color/f88379,color-hex.com,
#ff7256,Coral1,255,114,86,,https://www.color-hex.com/color/ff7256,color-hex.com,
#ee6a50,Coral2,238,106,80,,https://www.color-hex.com/color/ee6a50,color-hex.com,
#cd5b45,Coral3,205,91,69,,https://www.color-hex.com/color/cd5b45,color-hex.com,
#8b3e2f,Coral4,139,62,47,,https://www.color-hex.com/color/8b3e2f,color-hex.com,
#893f45,Cordovan,137,63,69,,https://www.color-hex.com/color/893f45,color-hex.com,
#fbec5d,Corn,251,236,93,,https://www.color-hex.com/color/fbec5d,color-hex.com,
#6495ed,CornflowerBlue,100,149,237,,https://www.color-hex.com/color/6495ed,color-hex.com,
#fff8dc,Cornsilk1,255,248,220,,https://www.color-hex.com/color/fff8dc,color-hex.com,
#eee8cd,Cornsilk2,238,232,205,,https://www.color-hex.com/color/eee8cd,color-hex.com,
#cdc8b1,Cornsilk3,205,200,177,,https://www.color-hex.com/color/cdc8b1,color-hex.com,
#8b8878,Cornsilk4,139,136,120,,https://www.color-hex.com/color/8b8878,color-hex.com,
#2e2d88,Cosmic Cobalt,46,45,136,,https://www.color-hex.com/color/2e2d88,color-hex.com,
#fff8e7,Cosmic Latte,255,248,231,,https://www.color-hex.com/color/fff8e7,color-hex.com,
#ffbcd9,Cotton Candy,255,188,217,,https://www.color-hex.com/color/ffbcd9,color-hex.com,
#fffdd0,Cream,255,253,208,,https://www.color-hex.com/color/fffdd0,color-hex.com,
#dc143c,Crimson,220,20,60,,https://www.color-hex.com/color/dc143c,color-hex.com,
#a7d8de,Crystal,167,216,222,,https://www.color-hex.com/color/a7d8de,color-hex.com,
#00ffff,Cyan1,0,255,255,,https://www.color-hex.com/color/00ffff,color-hex.com,
#00eeee,Cyan2,0,238,238,,https://www.color-hex.com/color/00eeee,color-hex.com,
#00cdcd,Cyan3,0,205,205,,https://www.color-hex.com/color/00cdcd,color-hex.com,
#008b8b,Cyan4,0,139,139,,https://www.color-hex.com/color/008b8b,color-hex.com,
#f56fa1,Cyclamen,245,111,161,,https://www.color-hex.com/color/f56fa1,color-hex.com,
#ffff31,Daffodil,255,255,49,,https://www.color-hex.com/color/ffff31,color-hex.com,
#f0e130,Dandelion,240,225,48,,https://www.color-hex.com/color/f0e130,color-hex.com,
#654321,Dark Brown,101,67,33,,https://www.color-hex.com/color/654321,color-hex.com,
#5d3954,Dark Byzantium,93,57,84,,https://www.color-hex.com/color/5d3954,color-hex.com,
#1a2421,Dark Jungle Green,26,36,33,,https://www.color-hex.com/color/1a2421,color-hex.com,
#734f96,Dark Lavender,115,79,150,,https://www.color-hex.com/color/734f96,color-hex.com,
#4a5d23,Dark Moss Green,74,93,35,,https://www.color-hex.com/color/4a5d23,color-hex.com,
#03c03c,Dark Pastel Green,3,192,60,,https://www.color-hex.com/color/03c03c,color-hex.com,
#3c1414,Dark Sienna,60,20,20,,https://www.color-hex.com/color/3c1414,color-hex.com,
#8cbed6,Dark Sky Blue,140,190,214,,https://www.color-hex.com/color/8cbed6,color-hex.com,
#177245,Dark Spring Green,23,114,69,,https://www.color-hex.com/color/177245,color-hex.com,
#b8860b,DarkGoldenrod,184,134,11,,https://www.color-hex.com/color/b8860b,color-hex.com,
#ffb90f,DarkGoldenrod1,255,185,15,,https://www.color-hex.com/color/ffb90f,color-hex.com,
#eead0e,DarkGoldenrod2,238,173,14,,https://www.color-hex.com/color/eead0e,color-hex.com,
#cd950c,DarkGoldenrod3,205,149,12,,https://www.color-hex.com/color/cd950c,color-hex.com,
#8b6508,DarkGoldenrod4,139,101,8,,https://www.color-hex.com/color/8b6508,color-hex.com,
#006400,DarkGreen,0,100,0,,https://www.color-hex.com/color/006400,color-hex.com,
#bdb76b,DarkKhaki,189,183,107,,https://www.color-hex.com/color/bdb76b,color-hex.com,
#556b2f,DarkOliveGreen,85,107,47,,https://www.color-hex.com/color/556b2f,color-hex.com,
#caff70,DarkOliveGreen1,202,255,112,,https://www.color-hex.com/color/caff70,color-hex.com,
#bcee68,DarkOliveGreen2,188,238,104,,https://www.color-hex.com/color/bcee68,color-hex.com,
#a2cd5a,DarkOliveGreen3,162,205,90,,https://www.color-hex.com/color/a2cd5a,color-hex.com,
#6e8b3d,DarkOliveGreen4,110,139,61,,https://www.color-hex.com/color/6e8b3d,color-hex.com,
#ff8c00,DarkOrange,255,140,0,,https://www.color-hex.com/color/ff8c00,color-hex.com,
#ff7f00,DarkOrange1,255,127,0,,https://www.color-hex.com/color/ff7f00,color-hex.com,
#ee7600,DarkOrange2,238,118,0,,https://www.color-hex.com/color/ee7600,color-hex.com,
#cd6600,DarkOrange3,205,102,0,,https://www.color-hex.com/color/cd6600,color-hex.com,
#8b4500,DarkOrange4,139,69,0,,https://www.color-hex.com/color/8b4500,color-hex.com,
#9932cc,DarkOrchid,153,50,204,,https://www.color-hex.com/color/9932cc,color-hex.com,
#bf3eff,DarkOrchid1,191,62,255,,https://www.color-hex.com/color/bf3eff,color-hex.com,
#b23aee,DarkOrchid2,178,58,238,,https://www.color-hex.com/color/b23aee,color-hex.com,
#9a32cd,DarkOrchid3,154,50,205,,https://www.color-hex.com/color/9a32cd,color-hex.com,
#68228b,DarkOrchid4,104,34,139,,https://www.color-hex.com/color/68228b,color-hex.com,
#e9967a,DarkSalmon,233,150,122,,https://www.color-hex.com/color/e9967a,color-hex.com,
#8fbc8f,DarkSeaGreen,143,188,143,,https://www.color-hex.com/color/8fbc8f,color-hex.com,
#c1ffc1,DarkSeaGreen1,193,255,193,,https://www.color-hex.com/color/c1ffc1,color-hex.com,
#b4eeb4,DarkSeaGreen2,180,238,180,,https://www.color-hex.com/color/b4eeb4,color-hex.com,
#9bcd9b,DarkSeaGreen3,155,205,155,,https://www.color-hex.com/color/9bcd9b,color-hex.com,
#698b69,DarkSeaGreen4,105,139,105,,https://www.color-hex.com/color/698b69,color-hex.com,
#483d8b,DarkSlateBlue,72,61,139,,https://www.color-hex.com/color/483d8b,color-hex.com,
#2f4f4f,DarkSlateGray,47,79,79,,https://www.color-hex.com/color/2f4f4f,color-hex.com,
#97ffff,DarkSlateGray1,151,255,255,,https://www.color-hex.com/color/97ffff,color-hex.com,
#8deeee,DarkSlateGray2,141,238,238,,https://www.color-hex.com/color/8deeee,color-hex.com,
#79cdcd,DarkSlateGray3,121,205,205,,https://www.color-hex.com/color/79cdcd,color-hex.com,
#528b8b,DarkSlateGray4,82,139,139,,https://www.color-hex.com/color/528b8b,color-hex.com,
#00ced1,DarkTurquoise,0,206,209,,https://www.color-hex.com/color/00ced1,color-hex.com,
#9400d3,DarkViolet,148,0,211,,https://www.color-hex.com/color/9400d3,color-hex.com,
#00703c,Dartmouth Green,0,112,60,,https://www.color-hex.com/color/00703c,color-hex.com,
#da3287,Deep Cerise,218,50,135,,https://www.color-hex.com/color/da3287,color-hex.com,
#fad6a5,Deep Champagne,250,214,165,,https://www.color-hex.com/color/fad6a5,color-hex.com,
#c154c1,Deep Fuchsia,193,84,193,,https://www.color-hex.com/color/c154c1,color-hex.com,
#004b49,Deep Jungle Green,0,75,73,,https://www.color-hex.com/color/004b49,color-hex.com,
#ffcba4,Deep Peach,255,203,164,,https://www.color-hex.com/color/ffcba4,color-hex.com,
#ff9933,Deep Saffron,255,153,51,,https://www.color-hex.com/color/ff9933,color-hex.com,
#4a646c,Deep Space Sparkle,74,100,108,,https://www.color-hex.com/color/4a646c,color-hex.com,
#b94e48,Deep chestnut,185,78,72,,https://www.color-hex.com/color/b94e48,color-hex.com,
#ff1493,DeepPink1,255,20,147,,https://www.color-hex.com/color/ff1493,color-hex.com,
#ee1289,DeepPink2,238,18,137,,https://www.color-hex.com/color/ee1289,color-hex.com,
#cd1076,DeepPink3,205,16,118,,https://www.color-hex.com/color/cd1076,color-hex.com,
#8b0a50,DeepPink4,139,10,80,,https://www.color-hex.com/color/8b0a50,color-hex.com,
#00bfff,DeepSkyBlue1,0,191,255,,https://www.color-hex.com/color/00bfff,color-hex.com,
#00b2ee,DeepSkyBlue2,0,178,238,,https://www.color-hex.com/color/00b2ee,color-hex.com,
#009acd,DeepSkyBlue3,0,154,205,,https://www.color-hex.com/color/009acd,color-hex.com,
#00688b,DeepSkyBlue4,0,104,139,,https://www.color-hex.com/color/00688b,color-hex.com,
#1560bd,Denim,21,96,189,,https://www.color-hex.com/color/1560bd,color-hex.com,
#2243b6,Denim Blue,34,67,182,,https://www.color-hex.com/color/2243b6,color-hex.com,
#edc9af,Desert Sand,237,201,175,,https://www.color-hex.com/color/edc9af,color-hex.com,
#696969,DimGray,105,105,105,,https://www.color-hex.com/color/696969,color-hex.com,
#1e90ff,DodgerBlue1,30,144,255,,https://www.color-hex.com/color/1e90ff,color-hex.com,
#1c86ee,DodgerBlue2,28,134,238,,https://www.color-hex.com/color/1c86ee,color-hex.com,
#1874cd,DodgerBlue3,24,116,205,,https://www.color-hex.com/color/1874cd,color-hex.com,
#104e8b,DodgerBlue4,16,78,139,,https://www.color-hex.com/color/104e8b,color-hex.com,
#d71868,Dogwood Rose,215,24,104,,https://www.color-hex.com/color/d71868,color-hex.com,
#efdfbb,Dutch White,239,223,187,,https://www.color-hex.com/color/efdfbb,color-hex.com,
#e1a95f,Earth Yellow,225,169,95,,https://www.color-hex.com/color/e1a95f,color-hex.com,
#555d50,Ebony,85,93,80,,https://www.color-hex.com/color/555d50,color-hex.com,
#614051,Eggplant,97,64,81,,https://www.color-hex.com/color/614051,color-hex.com,
#f0ead6,Eggshell,240,234,214,,https://www.color-hex.com/color/f0ead6,color-hex.com,
#1034a6,Egyptian Blue,16,52,166,,https://www.color-hex.com/color/1034a6,color-hex.com,
#7df9ff,Electric Blue,125,249,255,,https://www.color-hex.com/color/7df9ff,color-hex.com,
#6f00ff,Electric Indigo,111,0,255,,https://www.color-hex.com/color/6f00ff,color-hex.com,
#ccff00,Electric Lime,204,255,0,,https://www.color-hex.com/color/ccff00,color-hex.com,
#bf00ff,Electric Purple,191,0,255,,https://www.color-hex.com/color/bf00ff,color-hex.com,
#50c878,Emerald,80,200,120,,https://www.color-hex.com/color/50c878,color-hex.com,
#6c3082,Eminence,108,48,130,,https://www.color-hex.com/color/6c3082,color-hex.com,
#96c8a2,Eton Blue,150,200,162,,https://www.color-hex.com/color/96c8a2,color-hex.com,
#801818,Falu Red,128,24,24,,https://www.color-hex.com/color/801818,color-hex.com,
#e5aa70,Fawn,229,170,112,,https://www.color-hex.com/color/e5aa70,color-hex.com,
#4d5d53,Feldgrau,77,93,83,,https://www.color-hex.com/color/4d5d53,color-hex.com,
#4f7942,Fern Green,79,121,66,,https://www.color-hex.com/color/4f7942,color-hex.com,
#ff2800,Ferrari Red,255,40,0,,https://www.color-hex.com/color/ff2800,color-hex.com,
#e95c4b,Fire Opal,233,92,75,,https://www.color-hex.com/color/e95c4b,color-hex.com,
#b22222,Firebrick,178,34,34,,https://www.color-hex.com/color/b22222,color-hex.com,
#ff3030,Firebrick1,255,48,48,,https://www.color-hex.com/color/ff3030,color-hex.com,
#ee2c2c,Firebrick2,238,44,44,,https://www.color-hex.com/color/ee2c2c,color-hex.com,
#cd2626,Firebrick3,205,38,38,,https://www.color-hex.com/color/cd2626,color-hex.com,
#8b1a1a,Firebrick4,139,26,26,,https://www.color-hex.com/color/8b1a1a,color-hex.com,
#fc8eac,Flamingo Pink,252,142,172,,https://www.color-hex.com/color/fc8eac,color-hex.com,
#fffaf0,FloralWhite,255,250,240,,https://www.color-hex.com/color/fffaf0,color-hex.com,
#15f4ee,Flourescent Blue,21,244,238,,https://www.color-hex.com/color/15f4ee,color-hex.com,
#228b22,Forest Green,34,139,34,,https://www.color-hex.com/color/228b22,color-hex.com,
#228b22,ForestGreen,34,139,34,,https://www.color-hex.com/color/228b22,color-hex.com,
#a67b5b,French Beige,166,123,91,,https://www.color-hex.com/color/a67b5b,color-hex.com,
#856d4d,French Bistre,133,109,77,,https://www.color-hex.com/color/856d4d,color-hex.com,
#0072bb,French Blue,0,114,187,,https://www.color-hex.com/color/0072bb,color-hex.com,
#86608e,French Lilac,134,96,142,,https://www.color-hex.com/color/86608e,color-hex.com,
#d473d4,French Mauve,212,115,212,,https://www.color-hex.com/color/d473d4,color-hex.com,
#fd6c9e,French Pink,253,108,158,,https://www.color-hex.com/color/fd6c9e,color-hex.com,
#f64a8a,French Rose,246,74,138,,https://www.color-hex.com/color/f64a8a,color-hex.com,
#77b5fe,French Sky Blue,119,181,254,,https://www.color-hex.com/color/77b5fe,color-hex.com,
#8806ce,French Violet,136,6,206,,https://www.color-hex.com/color/8806ce,color-hex.com,
#e936a7,Frostbite,233,54,167,,https://www.color-hex.com/color/e936a7,color-hex.com,
#cc397b,Fuchsia Purple,204,57,123,,https://www.color-hex.com/color/cc397b,color-hex.com,
#c74375,Fuchsia Rose,199,67,117,,https://www.color-hex.com/color/c74375,color-hex.com,
#e48400,Fulvous,228,132,0,,https://www.color-hex.com/color/e48400,color-hex.com,
#87421f,Fuzzy Wuzzy,135,66,31,,https://www.color-hex.com/color/87421f,color-hex.com,
#00ab66,GO Green,0,171,102,,https://www.color-hex.com/color/00ab66,color-hex.com,
#dcdcdc,Gainsboro,220,220,220,,https://www.color-hex.com/color/dcdcdc,color-hex.com,
#e49b0f,Gamboge,228,155,15,,https://www.color-hex.com/color/e49b0f,color-hex.com,
#007f66,Generic Viridian,0,127,102,,https://www.color-hex.com/color/007f66,color-hex.com,
#f8f8ff,GhostWhite,248,248,255,,https://www.color-hex.com/color/f8f8ff,color-hex.com,
#b06500,Ginger,176,101,0,,https://www.color-hex.com/color/b06500,color-hex.com,
#6082b6,Glaucous,96,130,182,,https://www.color-hex.com/color/6082b6,color-hex.com,
#ab92b3,Glossy Grape,171,146,179,,https://www.color-hex.com/color/ab92b3,color-hex.com,
#85754e,Gold Fusion,133,117,78,,https://www.color-hex.com/color/85754e,color-hex.com,
#ffd700,Gold1,255,215,0,,https://www.color-hex.com/color/ffd700,color-hex.com,
#eec900,Gold2,238,201,0,,https://www.color-hex.com/color/eec900,color-hex.com,
#cdad00,Gold3,205,173,0,,https://www.color-hex.com/color/cdad00,color-hex.com,
#8b7500,Gold4,139,117,0,,https://www.color-hex.com/color/8b7500,color-hex.com,
#996515,Golden Brown,153,101,21,,https://www.color-hex.com/color/996515,color-hex.com,
#fcc200,Golden Poppy,252,194,0,,https://www.color-hex.com/color/fcc200,color-hex.com,
#ffdf00,Golden Yellow,255,223,0,,https://www.color-hex.com/color/ffdf00,color-hex.com,
#daa520,Goldenrod,218,165,32,,https://www.color-hex.com/color/daa520,color-hex.com,
#ffc125,Goldenrod1,255,193,37,,https://www.color-hex.com/color/ffc125,color-hex.com,
#eeb422,Goldenrod2,238,180,34,,https://www.color-hex.com/color/eeb422,color-hex.com,
#cd9b1d,Goldenrod3,205,155,29,,https://www.color-hex.com/color/cd9b1d,color-hex.com,
#8b6914,Goldenrod4,139,105,20,,https://www.color-hex.com/color/8b6914,color-hex.com,
#676767,Granite Gray,103,103,103,,https://www.color-hex.com/color/676767,color-hex.com,
#a8e4a0,Granny Smith Apple,168,228,160,,https://www.color-hex.com/color/a8e4a0,color-hex.com,
#bebebe,Gray,190,190,190,,https://www.color-hex.com/color/bebebe,color-hex.com,
#030303,Gray1,3,3,3,,https://www.color-hex.com/color/030303,color-hex.com,
#1a1a1a,Gray10,26,26,26,,https://www.color-hex.com/color/1a1a1a,color-hex.com,
#1c1c1c,Gray11,28,28,28,,https://www.color-hex.com/color/1c1c1c,color-hex.com,
#1f1f1f,Gray12,31,31,31,,https://www.color-hex.com/color/1f1f1f,color-hex.com,
#212121,Gray13,33,33,33,,https://www.color-hex.com/color/212121,color-hex.com,
#242424,Gray14,36,36,36,,https://www.color-hex.com/color/242424,color-hex.com,
#262626,Gray15,38,38,38,,https://www.color-hex.com/color/262626,color-hex.com,
#292929,Gray16,41,41,41,,https://www.color-hex.com/color/292929,color-hex.com,
#2b2b2b,Gray17,43,43,43,,https://www.color-hex.com/color/2b2b2b,color-hex.com,
#2e2e2e,Gray18,46,46,46,,https://www.color-hex.com/color/2e2e2e,color-hex.com,
#303030,Gray19,48,48,48,,https://www.color-hex.com/color/303030,color-hex.com,
#050505,Gray2,5,5,5,,https://www.color-hex.com/color/050505,color-hex.com,
#333333,Gray20,51,51,51,,https://www.color-hex.com/color/333333,color-hex.com,
#363636,Gray21,54,54,54,,https://www.color-hex.com/color/363636,color-hex.com,
#383838,Gray22,56,56,56,,https://www.color-hex.com/color/383838,color-hex.com,
#3b3b3b,Gray23,59,59,59,,https://www.color-hex.com/color/3b3b3b,color-hex.com,
#3d3d3d,Gray24,61,61,61,,https://www.color-hex.com/color/3d3d3d,color-hex.com,
#404040,Gray25,64,64,64,,https://www.color-hex.com/color/404040,color-hex.com,
#424242,Gray26,66,66,66,,https://www.color-hex.com/color/424242,color-hex.com,
#454545,Gray27,69,69,69,,https://www.color-hex.com/color/454545,color-hex.com,
#474747,Gray28,71,71,71,,https://www.color-hex.com/color/474747,color-hex.com,
#4a4a4a,Gray29,74,74,74,,https://www.color-hex.com/color/4a4a4a,color-hex.com,
#080808,Gray3,8,8,8,,https://www.color-hex.com/color/080808,color-hex.com,
#4d4d4d,Gray30,77,77,77,,https://www.color-hex.com/color/4d4d4d,color-hex.com,
#4f4f4f,Gray31,79,79,79,,https://www.color-hex.com/color/4f4f4f,color-hex.com,
#525252,Gray32,82,82,82,,https://www.color-hex.com/color/525252,color-hex.com,
#545454,Gray33,84,84,84,,https://www.color-hex.com/color/545454,color-hex.com,
#575757,Gray34,87,87,87,,https://www.color-hex.com/color/575757,color-hex.com,
#595959,Gray35,89,89,89,,https://www.color-hex.com/color/595959,color-hex.com,
#5c5c5c,Gray36,92,92,92,,https://www.color-hex.com/color/5c5c5c,color-hex.com,
#5e5e5e,Gray37,94,94,94,,https://www.color-hex.com/color/5e5e5e,color-hex.com,
#616161,Gray38,97,97,97,,https://www.color-hex.com/color/616161,color-hex.com,
#636363,Gray39,99,99,99,,https://www.color-hex.com/color/636363,color-hex.com,
#0a0a0a,Gray4,10,10,10,,https://www.color-hex.com/color/0a0a0a,color-hex.com,
#666666,Gray40,102,102,102,,https://www.color-hex.com/color/666666,color-hex.com,
#696969,Gray41,105,105,105,,https://www.color-hex.com/color/696969,color-hex.com,
#6b6b6b,Gray42,107,107,107,,https://www.color-hex.com/color/6b6b6b,color-hex.com,
#6e6e6e,Gray43,110,110,110,,https://www.color-hex.com/color/6e6e6e,color-hex.com,
#707070,Gray44,112,112,112,,https://www.color-hex.com/color/707070,color-hex.com,
#737373,Gray45,115,115,115,,https://www.color-hex.com/color/737373,color-hex.com,
#757575,Gray46,117,117,117,,https://www.color-hex.com/color/757575,color-hex.com,
#787878,Gray47,120,120,120,,https://www.color-hex.com/color/787878,color-hex.com,
#7a7a7a,Gray48,122,122,122,,https://www.color-hex.com/color/7a7a7a,color-hex.com,
#7d7d7d,Gray49,125,125,125,,https://www.color-hex.com/color/7d7d7d,color-hex.com,
#0d0d0d,Gray5,13,13,13,,https://www.color-hex.com/color/0d0d0d,color-hex.com,
#7f7f7f,Gray50,127,127,127,,https://www.color-hex.com/color/7f7f7f,color-hex.com,
#828282,Gray51,130,130,130,,https://www.color-hex.com/color/828282,color-hex.com,
#858585,Gray52,133,133,133,,https://www.color-hex.com/color/858585,color-hex.com,
#878787,Gray53,135,135,135,,https://www.color-hex.com/color/878787,color-hex.com,
#8a8a8a,Gray54,138,138,138,,https://www.color-hex.com/color/8a8a8a,color-hex.com,
#8c8c8c,Gray55,140,140,140,,https://www.color-hex.com/color/8c8c8c,color-hex.com,
#8f8f8f,Gray56,143,143,143,,https://www.color-hex.com/color/8f8f8f,color-hex.com,
#919191,Gray57,145,145,145,,https://www.color-hex.com/color/919191,color-hex.com,
#949494,Gray58,148,148,148,,https://www.color-hex.com/color/949494,color-hex.com,
#969696,Gray59,150,150,150,,https://www.color-hex.com/color/969696,color-hex.com,
#0f0f0f,Gray6,15,15,15,,https://www.color-hex.com/color/0f0f0f,color-hex.com,
#999999,Gray60,153,153,153,,https://www.color-hex.com/color/999999,color-hex.com,
#9c9c9c,Gray61,156,156,156,,https://www.color-hex.com/color/9c9c9c,color-hex.com,
#9e9e9e,Gray62,158,158,158,,https://www.color-hex.com/color/9e9e9e,color-hex.com,
#a1a1a1,Gray63,161,161,161,,https://www.color-hex.com/color/a1a1a1,color-hex.com,
#a3a3a3,Gray64,163,163,163,,https://www.color-hex.com/color/a3a3a3,color-hex.com,
#a6a6a6,Gray65,166,166,166,,https://www.color-hex.com/color/a6a6a6,color-hex.com,
#a8a8a8,Gray66,168,168,168,,https://www.color-hex.com/color/a8a8a8,color-hex.com,
#ababab,Gray67,171,171,171,,https://www.color-hex.com/color/ababab,color-hex.com,
#adadad,Gray68,173,173,173,,https://www.color-hex.com/color/adadad,color-hex.com,
#b0b0b0,Gray69,176,176,176,,https://www.color-hex.com/color/b0b0b0,color-hex.com,
#121212,Gray7,18,18,18,,https://www.color-hex.com/color/121212,color-hex.com,
#b3b3b3,Gray70,179,179,179,,https://www.color-hex.com/color/b3b3b3,color-hex.com,
#b5b5b5,Gray71,181,181,181,,https://www.color-hex.com/color/b5b5b5,color-hex.com,
#b8b8b8,Gray72,184,184,184,,https://www.color-hex.com/color/b8b8b8,color-hex.com,
#bababa,Gray73,186,186,186,,https://www.color-hex.com/color/bababa,color-hex.com,
#bdbdbd,Gray74,189,189,189,,https://www.color-hex.com/color/bdbdbd,color-hex.com,
#bfbfbf,Gray75,191,191,191,,https://www.color-hex.com/color/bfbfbf,color-hex.com,
#c2c2c2,Gray76,194,194,194,,https://www.color-hex.com/color/c2c2c2,color-hex.com,
#c4c4c4,Gray77,196,196,196,,https://www.color-hex.com/color/c4c4c4,color-hex.com,
#c7c7c7,Gray78,199,199,199,,https://www.color-hex.com/color/c7c7c7,color-hex.com,
#c9c9c9,Gray79,201,201,201,,https://www.color-hex.com/color/c9c9c9,color-hex.com,
#141414,Gray8,20,20,20,,https://www.color-hex.com/color/141414,color-hex.com,
#cccccc,Gray80,204,204,204,,https://www.color-hex.com/color/cccccc,color-hex.com,
#cfcfcf,Gray81,207,207,207,,https://www.color-hex.com/color/cfcfcf,color-hex.com,
#d1d1d1,Gray82,209,209,209,,https://www.color-hex.com/color/d1d1d1,color-hex.com,
#d4d4d4,Gray83,212,212,212,,https://www.color-hex.com/color/d4d4d4,color-hex.com,
#d6d6d6,Gray84,214,214,214,,https://www.color-hex.com/color/d6d6d6,color-hex.com,
#d9d9d9,Gray85,217,217,217,,https://www.color-hex.com/color/d9d9d9,color-hex.com,
#dbdbdb,Gray86,219,219,219,,https://www.color-hex.com/color/dbdbdb,color-hex.com,
#dedede,Gray87,222,222,222,,https://www.color-hex.com/color/dedede,color-hex.com,
#e0e0e0,Gray88,224,224,224,,https://www.color-hex.com/color/e0e0e0,color-hex.com,
#e3e3e3,Gray89,227,227,227,,https://www.color-hex.com/color/e3e3e3,color-hex.com,
#171717,Gray9,23,23,23,,https://www.color-hex.com/color/171717,color-hex.com,
#e5e5e5,Gray90,229,229,229,,https://www.color-hex.com/color/e5e5e5,color-hex.com,
#e8e8e8,Gray91,232,232,232,,https://www.color-hex.com/color/e8e8e8,color-hex.com,
#ebebeb,Gray92,235,235,235,,https://www.color-hex.com/color/ebebeb,color-hex.com,
#ededed,Gray93,237,237,237,,https://www.color-hex.com/color/ededed,color-hex.com,
#f0f0f0,Gray94,240,240,240,,https://www.color-hex.com/color/f0f0f0,color-hex.com,
#f2f2f2,Gray95,242,242,242,,https://www.color-hex.com/color/f2f2f2,color-hex.com,
#f7f7f7,Gray97,247,247,247,,https://www.color-hex.com/color/f7f7f7,color-hex.com,
#fafafa,Gray98,250,250,250,,https://www.color-hex.com/color/fafafa,color-hex.com,
#fcfcfc,Gray99,252,252,252,,https://www.color-hex.com/color/fcfcfc,color-hex.com,
#1cac78,Green (Crayola),28,172,120,,https://www.color-hex.com/color/1cac78,color-hex.com,
#00ad43,Green (Pantone),0,173,67,,https://www.color-hex.com/color/00ad43,color-hex.com,
#00a550,Green (Pigment),0,165,80,,https://www.color-hex.com/color/00a550,color-hex.com,
#a7f432,Green Lizard,167,244,50,,https://www.color-hex.com/color/a7f432,color-hex.com,
#6eaea1,Green Sheen,110,174,161,,https://www.color-hex.com/color/6eaea1,color-hex.com,
#00ff00,Green1,0,255,0,,https://www.color-hex.com/color/00ff00,color-hex.com,
#00ee00,Green2,0,238,0,,https://www.color-hex.com/color/00ee00,color-hex.com,
#00cd00,Green3,0,205,0,,https://www.color-hex.com/color/00cd00,color-hex.com,
#008b00,Green4,0,139,0,,https://www.color-hex.com/color/008b00,color-hex.com,
#adff2f,GreenYellow,173,255,47,,https://www.color-hex.com/color/adff2f,color-hex.com,
#a99a86,Grullo,169,154,134,,https://www.color-hex.com/color/a99a86,color-hex.com,
#2a3439,Gunmetal,42,52,57,,https://www.color-hex.com/color/2a3439,color-hex.com,
#446ccf,Han Blue,68,108,207,,https://www.color-hex.com/color/446ccf,color-hex.com,
#5218fa,Han Purple,82,24,250,,https://www.color-hex.com/color/5218fa,color-hex.com,
#3fff00,Harlequin,63,255,0,,https://www.color-hex.com/color/3fff00,color-hex.com,
#da9100,Harvest Gold,218,145,0,,https://www.color-hex.com/color/da9100,color-hex.com,
#df73ff,Heliotrope,223,115,255,,https://www.color-hex.com/color/df73ff,color-hex.com,
#f400a1,Hollywood Cerise,244,0,161,,https://www.color-hex.com/color/f400a1,color-hex.com,
#f0fff0,Honeydew1,240,255,240,,https://www.color-hex.com/color/f0fff0,color-hex.com,
#e0eee0,Honeydew2,224,238,224,,https://www.color-hex.com/color/e0eee0,color-hex.com,
#c1cdc1,Honeydew3,193,205,193,,https://www.color-hex.com/color/c1cdc1,color-hex.com,
#838b83,Honeydew4,131,139,131,,https://www.color-hex.com/color/838b83,color-hex.com,
#006db0,Honolulu Blue,0,109,176,,https://www.color-hex.com/color/006db0,color-hex.com,
#ff1dce,Hot Magenta,255,29,206,,https://www.color-hex.com/color/ff1dce,color-hex.com,
#ff69b4,HotPink,255,105,180,,https://www.color-hex.com/color/ff69b4,color-hex.com,
#ff6eb4,HotPink1,255,110,180,,https://www.color-hex.com/color/ff6eb4,color-hex.com,
#ee6aa7,HotPink2,238,106,167,,https://www.color-hex.com/color/ee6aa7,color-hex.com,
#cd6090,HotPink3,205,96,144,,https://www.color-hex.com/color/cd6090,color-hex.com,
#8b3a62,HotPink4,139,58,98,,https://www.color-hex.com/color/8b3a62,color-hex.com,
#355e3b,Hunter Green,53,94,59,,https://www.color-hex.com/color/355e3b,color-hex.com,
#71a6d2,Iceberg,113,166,210,,https://www.color-hex.com/color/71a6d2,color-hex.com,
#fcf75e,Icterine,252,247,94,,https://www.color-hex.com/color/fcf75e,color-hex.com,
#319177,Illuminating Emerald,49,145,119,,https://www.color-hex.com/color/319177,color-hex.com,
#ed2939,Imperial Red,237,41,57,,https://www.color-hex.com/color/ed2939,color-hex.com,
#b2ec5d,Inchworm,178,236,93,,https://www.color-hex.com/color/b2ec5d,color-hex.com,
#138808,India Green,19,136,8,,https://www.color-hex.com/color/138808,color-hex.com,
#e3a857,Indian Yellow,227,168,87,,https://www.color-hex.com/color/e3a857,color-hex.com,
#cd5c5c,IndianRed,205,92,92,,https://www.color-hex.com/color/cd5c5c,color-hex.com,
#ff6a6a,IndianRed1,255,106,106,,https://www.color-hex.com/color/ff6a6a,color-hex.com,
#ee6363,IndianRed2,238,99,99,,https://www.color-hex.com/color/ee6363,color-hex.com,
#cd5555,IndianRed3,205,85,85,,https://www.color-hex.com/color/cd5555,color-hex.com,
#8b3a3a,IndianRed4,139,58,58,,https://www.color-hex.com/color/8b3a3a,color-hex.com,
#4b0082,Indigo,75,0,130,,https://www.color-hex.com/color/4b0082,color-hex.com,
#ff4f00,International Orange,255,79,0,,https://www.color-hex.com/color/ff4f00,color-hex.com,
#5a4fcf,Iris,90,79,207,,https://www.color-hex.com/color/5a4fcf,color-hex.com,
#f4f0ec,Isabelline,244,240,236,,https://www.color-hex.com/color/f4f0ec,color-hex.com,
#fffff0,Ivory1,255,255,240,,https://www.color-hex.com/color/fffff0,color-hex.com,
#eeeee0,Ivory2,238,238,224,,https://www.color-hex.com/color/eeeee0,color-hex.com,
#cdcdc1,Ivory3,205,205,193,,https://www.color-hex.com/color/cdcdc1,color-hex.com,
#8b8b83,Ivory4,139,139,131,,https://www.color-hex.com/color/8b8b83,color-hex.com,
#00a86b,Jade,0,168,107,,https://www.color-hex.com/color/00a86b,color-hex.com,
#9d2933,Japanese Carmine,157,41,51,,https://www.color-hex.com/color/9d2933,color-hex.com,
#f8de7e,Jasmine,248,222,126,,https://www.color-hex.com/color/f8de7e,color-hex.com,
#a50b5e,Jazzberry Jam,165,11,94,,https://www.color-hex.com/color/a50b5e,color-hex.com,
#f4ca16,Jonquil,244,202,22,,https://www.color-hex.com/color/f4ca16,color-hex.com,
#29ab87,Jungle Green,41,171,135,,https://www.color-hex.com/color/29ab87,color-hex.com,
#4cbb17,Kelly Green,76,187,23,,https://www.color-hex.com/color/4cbb17,color-hex.com,
#3ab09e,Keppel,58,176,158,,https://www.color-hex.com/color/3ab09e,color-hex.com,
#e8f48c,Key Lime,232,244,140,,https://www.color-hex.com/color/e8f48c,color-hex.com,
#f0e68c,Khaki,240,230,140,,https://www.color-hex.com/color/f0e68c,color-hex.com,
#fff68f,Khaki1,255,246,143,,https://www.color-hex.com/color/fff68f,color-hex.com,
#eee685,Khaki2,238,230,133,,https://www.color-hex.com/color/eee685,color-hex.com,
#cdc673,Khaki3,205,198,115,,https://www.color-hex.com/color/cdc673,color-hex.com,
#8b864e,Khaki4,139,134,78,,https://www.color-hex.com/color/8b864e,color-hex.com,
#354230,Kombu Green,53,66,48,,https://www.color-hex.com/color/354230,color-hex.com,
#d6cadd,Languid Lavender,214,202,221,,https://www.color-hex.com/color/d6cadd,color-hex.com,
#26619c,Lapis Lazuli,38,97,156,,https://www.color-hex.com/color/26619c,color-hex.com,
#ffff66,Laser Lemon,255,255,102,,https://www.color-hex.com/color/ffff66,color-hex.com,
#a9ba9d,Laurel Green,169,186,157,,https://www.color-hex.com/color/a9ba9d,color-hex.com,
#e6e6fa,Lavender,230,230,250,,https://www.color-hex.com/color/e6e6fa,color-hex.com,
#b57edc,Lavender (Floral),181,126,220,,https://www.color-hex.com/color/b57edc,color-hex.com,
#ccccff,Lavender Blue,204,204,255,,https://www.color-hex.com/color/ccccff,color-hex.com,
#c4c3d0,Lavender Gray,196,195,208,,https://www.color-hex.com/color/c4c3d0,color-hex.com,
#fff0f5,LavenderBlush1,255,240,245,,https://www.color-hex.com/color/fff0f5,color-hex.com,
#eee0e5,LavenderBlush2,238,224,229,,https://www.color-hex.com/color/eee0e5,color-hex.com,
#cdc1c5,LavenderBlush3,205,193,197,,https://www.color-hex.com/color/cdc1c5,color-hex.com,
#8b8386,LavenderBlush4,139,131,134,,https://www.color-hex.com/color/8b8386,color-hex.com,
#7cfc00,LawnGreen,124,252,0,,https://www.color-hex.com/color/7cfc00,color-hex.com,
#fff700,Lemon,255,247,0,,https://www.color-hex.com/color/fff700,color-hex.com,
#cca01d,Lemon Curry,204,160,29,,https://www.color-hex.com/color/cca01d,color-hex.com,
#fdff00,Lemon Glacier,253,255,0,,https://www.color-hex.com/color/fdff00,color-hex.com,
#f6eabe,Lemon Meringue,246,234,190,,https://www.color-hex.com/color/f6eabe,color-hex.com,
#fff44f,Lemon Yellow,255,244,79,,https://www.color-hex.com/color/fff44f,color-hex.com,
#fffacd,LemonChiffon1,255,250,205,,https://www.color-hex.com/color/fffacd,color-hex.com,
#eee9bf,LemonChiffon2,238,233,191,,https://www.color-hex.com/color/eee9bf,color-hex.com,
#cdc9a5,LemonChiffon3,205,201,165,,https://www.color-hex.com/color/cdc9a5,color-hex.com,
#8b8970,LemonChiffon4,139,137,112,,https://www.color-hex.com/color/8b8970,color-hex.com,
#eedd82,Light,238,221,130,,https://www.color-hex.com/color/eedd82,color-hex.com,
#93ccea,Light Cornflower Blue,147,204,234,,https://www.color-hex.com/color/93ccea,color-hex.com,
#c8ad7f,Light French Beige,200,173,127,,https://www.color-hex.com/color/c8ad7f,color-hex.com,
#fed8b1,Light Orange,254,216,177,,https://www.color-hex.com/color/fed8b1,color-hex.com,
#c5cbe1,Light Periwinkle,197,203,225,,https://www.color-hex.com/color/c5cbe1,color-hex.com,
#add8e6,LightBlue,173,216,230,,https://www.color-hex.com/color/add8e6,color-hex.com,
#bfefff,LightBlue1,191,239,255,,https://www.color-hex.com/color/bfefff,color-hex.com,
#b2dfee,LightBlue2,178,223,238,,https://www.color-hex.com/color/b2dfee,color-hex.com,
#9ac0cd,LightBlue3,154,192,205,,https://www.color-hex.com/color/9ac0cd,color-hex.com,
#68838b,LightBlue4,104,131,139,,https://www.color-hex.com/color/68838b,color-hex.com,
#f08080,LightCoral,240,128,128,,https://www.color-hex.com/color/f08080,color-hex.com,
#e0ffff,LightCyan1,224,255,255,,https://www.color-hex.com/color/e0ffff,color-hex.com,
#d1eeee,LightCyan2,209,238,238,,https://www.color-hex.com/color/d1eeee,color-hex.com,
#b4cdcd,LightCyan3,180,205,205,,https://www.color-hex.com/color/b4cdcd,color-hex.com,
#7a8b8b,LightCyan4,122,139,139,,https://www.color-hex.com/color/7a8b8b,color-hex.com,
#ffec8b,LightGoldenrod1,255,236,139,,https://www.color-hex.com/color/ffec8b,color-hex.com,
#eedc82,LightGoldenrod2,238,220,130,,https://www.color-hex.com/color/eedc82,color-hex.com,
#cdbe70,LightGoldenrod3,205,190,112,,https://www.color-hex.com/color/cdbe70,color-hex.com,
#8b814c,LightGoldenrod4,139,129,76,,https://www.color-hex.com/color/8b814c,color-hex.com,
#fafad2,LightGoldenrodYellow,250,250,210,,https://www.color-hex.com/color/fafad2,color-hex.com,
#d3d3d3,LightGray,211,211,211,,https://www.color-hex.com/color/d3d3d3,color-hex.com,
#ffb6c1,LightPink,255,182,193,,https://www.color-hex.com/color/ffb6c1,color-hex.com,
#ffaeb9,LightPink1,255,174,185,,https://www.color-hex.com/color/ffaeb9,color-hex.com,
#eea2ad,LightPink2,238,162,173,,https://www.color-hex.com/color/eea2ad,color-hex.com,
#cd8c95,LightPink3,205,140,149,,https://www.color-hex.com/color/cd8c95,color-hex.com,
#8b5f65,LightPink4,139,95,101,,https://www.color-hex.com/color/8b5f65,color-hex.com,
#ffa07a,LightSalmon1,255,160,122,,https://www.color-hex.com/color/ffa07a,color-hex.com,
#ee9572,LightSalmon2,238,149,114,,https://www.color-hex.com/color/ee9572,color-hex.com,
#cd8162,LightSalmon3,205,129,98,,https://www.color-hex.com/color/cd8162,color-hex.com,
#8b5742,LightSalmon4,139,87,66,,https://www.color-hex.com/color/8b5742,color-hex.com,
#20b2aa,LightSeaGreen,32,178,170,,https://www.color-hex.com/color/20b2aa,color-hex.com,
#87cefa,LightSkyBlue,135,206,250,,https://www.color-hex.com/color/87cefa,color-hex.com,
#b0e2ff,LightSkyBlue1,176,226,255,,https://www.color-hex.com/color/b0e2ff,color-hex.com,
#a4d3ee,LightSkyBlue2,164,211,238,,https://www.color-hex.com/color/a4d3ee,color-hex.com,
#8db6cd,LightSkyBlue3,141,182,205,,https://www.color-hex.com/color/8db6cd,color-hex.com,
#607b8b,LightSkyBlue4,96,123,139,,https://www.color-hex.com/color/607b8b,color-hex.com,
#8470ff,LightSlateBlue,132,112,255,,https://www.color-hex.com/color/8470ff,color-hex.com,
#778899,LightSlateGray,119,136,153,,https://www.color-hex.com/color/778899,color-hex.com,
#b0c4de,LightSteelBlue,176,196,222,,https://www.color-hex.com/color/b0c4de,color-hex.com,
#cae1ff,LightSteelBlue1,202,225,255,,https://www.color-hex.com/color/cae1ff,color-hex.com,
#bcd2ee,LightSteelBlue2,188,210,238,,https://www.color-hex.com/color/bcd2ee,color-hex.com,
#a2b5cd,LightSteelBlue3,162,181,205,,https://www.color-hex.com/color/a2b5cd,color-hex.com,
#6e7b8b,LightSteelBlue4,110,123,139,,https://www.color-hex.com/color/6e7b8b,color-hex.com,
#ffffe0,LightYellow1,255,255,224,,https://www.color-hex.com/color/ffffe0,color-hex.com,
#eeeed1,LightYellow2,238,238,209,,https://www.color-hex.com/color/eeeed1,color-hex.com,
#cdcdb4,LightYellow3,205,205,180,,https://www.color-hex.com/color/cdcdb4,color-hex.com,
#8b8b7a,LightYellow4,139,139,122,,https://www.color-hex.com/color/8b8b7a,color-hex.com,
#c8a2c8,Lilac,200,162,200,,https://www.color-hex.com/color/c8a2c8,color-hex.com,
#ae98aa,Lilac Luster,174,152,170,,https://www.color-hex.com/color/ae98aa,color-hex.com,
#32cd32,LimeGreen,50,205,50,,https://www.color-hex.com/color/32cd32,color-hex.com,
#195905,Lincoln Green,25,89,5,,https://www.color-hex.com/color/195905,color-hex.com,
#faf0e6,Linen,250,240,230,,https://www.color-hex.com/color/faf0e6,color-hex.com,
#6ca0dc,Little Boy Blue,108,160,220,,https://www.color-hex.com/color/6ca0dc,color-hex.com,
#18453b,MSU Green,24,69,59,,https://www.color-hex.com/color/18453b,color-hex.com,
#ffbd88,Macaroni and Cheese,255,189,136,,https://www.color-hex.com/color/ffbd88,color-hex.com,
#cc3336,Madder Lake,204,51,54,,https://www.color-hex.com/color/cc3336,color-hex.com,
#ff00ff,Magenta,255,0,255,,https://www.color-hex.com/color/ff00ff,color-hex.com,
#f653a6,Magenta (Crayola),246,83,166,,https://www.color-hex.com/color/f653a6,color-hex.com,
#d0417e,Magenta (Pantone),208,65,126,,https://www.color-hex.com/color/d0417e,color-hex.com,
#9f4576,Magenta Haze,159,69,118,,https://www.color-hex.com/color/9f4576,color-hex.com,
#ee00ee,Magenta2,238,0,238,,https://www.color-hex.com/color/ee00ee,color-hex.com,
#cd00cd,Magenta3,205,0,205,,https://www.color-hex.com/color/cd00cd,color-hex.com,
#8b008b,Magenta4,139,0,139,,https://www.color-hex.com/color/8b008b,color-hex.com,
#aaf0d1,Magic Mint,170,240,209,,https://www.color-hex.com/color/aaf0d1,color-hex.com,
#c04000,Mahogany,192,64,0,,https://www.color-hex.com/color/c04000,color-hex.com,
#6050dc,Majorelle Blue,96,80,220,,https://www.color-hex.com/color/6050dc,color-hex.com,
#0bda51,Malachite,11,218,81,,https://www.color-hex.com/color/0bda51,color-hex.com,
#979aaa,Manatee,151,154,170,,https://www.color-hex.com/color/979aaa,color-hex.com,
#f37a48,Mandarin,243,122,72,,https://www.color-hex.com/color/f37a48,color-hex.com,
#fdbe02,Mango,253,190,2,,https://www.color-hex.com/color/fdbe02,color-hex.com,
#ff8243,Mango Tango,255,130,67,,https://www.color-hex.com/color/ff8243,color-hex.com,
#74c365,Mantis,116,195,101,,https://www.color-hex.com/color/74c365,color-hex.com,
#eaa221,Marigold,234,162,33,,https://www.color-hex.com/color/eaa221,color-hex.com,
#b03060,Maroon,176,48,96,,https://www.color-hex.com/color/b03060,color-hex.com,
#ff34b3,Maroon1,255,52,179,,https://www.color-hex.com/color/ff34b3,color-hex.com,
#ee30a7,Maroon2,238,48,167,,https://www.color-hex.com/color/ee30a7,color-hex.com,
#cd2990,Maroon3,205,41,144,,https://www.color-hex.com/color/cd2990,color-hex.com,
#8b1c62,Maroon4,139,28,98,,https://www.color-hex.com/color/8b1c62,color-hex.com,
#e0b0ff,Mauve,224,176,255,,https://www.color-hex.com/color/e0b0ff,color-hex.com,
#915f6d,Mauve Taupe,145,95,109,,https://www.color-hex.com/color/915f6d,color-hex.com,
#ef98aa,Mauvelous,239,152,170,,https://www.color-hex.com/color/ef98aa,color-hex.com,
#30bfbf,Maximum Blue Green,48,191,191,,https://www.color-hex.com/color/30bfbf,color-hex.com,
#acace6,Maximum Blue Purple,172,172,230,,https://www.color-hex.com/color/acace6,color-hex.com,
#5e8c31,Maximum Green,94,140,49,,https://www.color-hex.com/color/5e8c31,color-hex.com,
#47abcc,Maxmum Blue,71,171,204,,https://www.color-hex.com/color/47abcc,color-hex.com,
#4c9141,May Green,76,145,65,,https://www.color-hex.com/color/4c9141,color-hex.com,
#73c2fb,Maya Blue,115,194,251,,https://www.color-hex.com/color/73c2fb,color-hex.com,
#66cdaa,Medium,102,205,170,,https://www.color-hex.com/color/66cdaa,color-hex.com,
#66ddaa,Medium Aquamarine,102,221,170,,https://www.color-hex.com/color/66ddaa,color-hex.com,
#e2062c,Medium Candy Apple Red,226,6,44,,https://www.color-hex.com/color/e2062c,color-hex.com,
#af4035,Medium Carmine,175,64,53,,https://www.color-hex.com/color/af4035,color-hex.com,
#f3e5ab,Medium Champagne,243,229,171,,https://www.color-hex.com/color/f3e5ab,color-hex.com,
#66cdaa,MediumAquamarine,102,205,170,,https://www.color-hex.com/color/66cdaa,color-hex.com,
#0000cd,MediumBlue,0,0,205,,https://www.color-hex.com/color/0000cd,color-hex.com,
#ba55d3,MediumOrchid,186,85,211,,https://www.color-hex.com/color/ba55d3,color-hex.com,
#e066ff,MediumOrchid1,224,102,255,,https://www.color-hex.com/color/e066ff,color-hex.com,
#d15fee,MediumOrchid2,209,95,238,,https://www.color-hex.com/color/d15fee,color-hex.com,
#b452cd,MediumOrchid3,180,82,205,,https://www.color-hex.com/color/b452cd,color-hex.com,
#7a378b,MediumOrchid4,122,55,139,,https://www.color-hex.com/color/7a378b,color-hex.com,
#9370db,MediumPurple,147,112,219,,https://www.color-hex.com/color/9370db,color-hex.com,
#ab82ff,MediumPurple1,171,130,255,,https://www.color-hex.com/color/ab82ff,color-hex.com,
#9f79ee,MediumPurple2,159,121,238,,https://www.color-hex.com/color/9f79ee,color-hex.com,
#8968cd,MediumPurple3,137,104,205,,https://www.color-hex.com/color/8968cd,color-hex.com,
#5d478b,MediumPurple4,93,71,139,,https://www.color-hex.com/color/5d478b,color-hex.com,
#3cb371,MediumSeaGreen,60,179,113,,https://www.color-hex.com/color/3cb371,color-hex.com,
#7b68ee,MediumSlateBlue,123,104,238,,https://www.color-hex.com/color/7b68ee,color-hex.com,
#00fa9a,MediumSpringGreen,0,250,154,,https://www.color-hex.com/color/00fa9a,color-hex.com,
#48d1cc,MediumTurquoise,72,209,204,,https://www.color-hex.com/color/48d1cc,color-hex.com,
#c71585,MediumVioletRed,199,21,133,,https://www.color-hex.com/color/c71585,color-hex.com,
#f8b878,Mellow Apricot,248,184,120,,https://www.color-hex.com/color/f8b878,color-hex.com,
#febaad,Melon,254,186,173,,https://www.color-hex.com/color/febaad,color-hex.com,
#d3af37,Metallic Gold,211,175,55,,https://www.color-hex.com/color/d3af37,color-hex.com,
#0a7e8c,Metallic Seaweed,10,126,140,,https://www.color-hex.com/color/0a7e8c,color-hex.com,
#9c7c38,Metallic Sunburst,156,124,56,,https://www.color-hex.com/color/9c7c38,color-hex.com,
#e4007c,Mexican Pink,228,0,124,,https://www.color-hex.com/color/e4007c,color-hex.com,
#7ed4e6,Middle Blue,126,212,230,,https://www.color-hex.com/color/7ed4e6,color-hex.com,
#8dd9cc,Middle Blue Green,141,217,204,,https://www.color-hex.com/color/8dd9cc,color-hex.com,
#8b72be,Middle Blue Purple,139,114,190,,https://www.color-hex.com/color/8b72be,color-hex.com,
#4d8c57,Middle Green,77,140,87,,https://www.color-hex.com/color/4d8c57,color-hex.com,
#acbf60,Middle Green Yellow,172,191,96,,https://www.color-hex.com/color/acbf60,color-hex.com,
#8b8680,Middle Grey,139,134,128,,https://www.color-hex.com/color/8b8680,color-hex.com,
#d982b5,Middle Purple,217,130,181,,https://www.color-hex.com/color/d982b5,color-hex.com,
#e58e73,Middle Red,229,142,115,,https://www.color-hex.com/color/e58e73,color-hex.com,
#a55353,Middle Red Purple,165,83,83,,https://www.color-hex.com/color/a55353,color-hex.com,
#ffeb00,Middle Yellow,255,235,0,,https://www.color-hex.com/color/ffeb00,color-hex.com,
#ecb176,Middle Yellow Red,236,177,118,,https://www.color-hex.com/color/ecb176,color-hex.com,
#004953,Midnight Green,0,73,83,,https://www.color-hex.com/color/004953,color-hex.com,
#191970,MidnightBlue,25,25,112,,https://www.color-hex.com/color/191970,color-hex.com,
#ffc40c,Mikado Yellow,255,196,12,,https://www.color-hex.com/color/ffc40c,color-hex.com,
#ffdae9,Mimi Pink,255,218,233,,https://www.color-hex.com/color/ffdae9,color-hex.com,
#e3f988,Mindaro,227,249,136,,https://www.color-hex.com/color/e3f988,color-hex.com,
#f5e050,Minion Yellow,245,224,80,,https://www.color-hex.com/color/f5e050,color-hex.com,
#3eb489,Mint,62,180,137,,https://www.color-hex.com/color/3eb489,color-hex.com,
#98ff98,Mint Green,152,255,152,,https://www.color-hex.com/color/98ff98,color-hex.com,
#f5fffa,MintCream,245,255,250,,https://www.color-hex.com/color/f5fffa,color-hex.com,
#bbb477,Misty Moss,187,180,119,,https://www.color-hex.com/color/bbb477,color-hex.com,
#ffe4e1,MistyRose1,255,228,225,,https://www.color-hex.com/color/ffe4e1,color-hex.com,
#eed5d2,MistyRose2,238,213,210,,https://www.color-hex.com/color/eed5d2,color-hex.com,
#cdb7b5,MistyRose3,205,183,181,,https://www.color-hex.com/color/cdb7b5,color-hex.com,
#8b7d7b,MistyRose4,139,125,123,,https://www.color-hex.com/color/8b7d7b,color-hex.com,
#ffe4b5,Moccasin,255,228,181,,https://www.color-hex.com/color/ffe4b5,color-hex.com,
#967117,Mode Beige,150,113,23,,https://www.color-hex.com/color/967117,color-hex.com,
#8a9a5b,Moss Green,138,154,91,,https://www.color-hex.com/color/8a9a5b,color-hex.com,
#30ba8f,Mountain Meadow,48,186,143,,https://www.color-hex.com/color/30ba8f,color-hex.com,
#997a8d,Mountbatten Pink,153,122,141,,https://www.color-hex.com/color/997a8d,color-hex.com,
#c54b8c,Mulberry,197,75,140,,https://www.color-hex.com/color/c54b8c,color-hex.com,
#ffdb58,Mustard,255,219,88,,https://www.color-hex.com/color/ffdb58,color-hex.com,
#317873,Myrtle Green,49,120,115,,https://www.color-hex.com/color/317873,color-hex.com,
#ad4379,Mystic Maroon,173,67,121,,https://www.color-hex.com/color/ad4379,color-hex.com,
#f6adc6,Nadeshiko Pink,246,173,198,,https://www.color-hex.com/color/f6adc6,color-hex.com,
#ffdead,NavajoWhite1,255,222,173,,https://www.color-hex.com/color/ffdead,color-hex.com,
#eecfa1,NavajoWhite2,238,207,161,,https://www.color-hex.com/color/eecfa1,color-hex.com,
#cdb38b,NavajoWhite3,205,179,139,,https://www.color-hex.com/color/cdb38b,color-hex.com,
#8b795e,NavajoWhite4,139,121,94,,https://www.color-hex.com/color/8b795e,color-hex.com,
#000080,NavyBlue,0,0,128,,https://www.color-hex.com/color/000080,color-hex.com,
#4666ff,Neon Blue,70,102,255,,https://www.color-hex.com/color/4666ff,color-hex.com,
#ffa343,Neon Carrot,255,163,67,,https://www.color-hex.com/color/ffa343,color-hex.com,
#fe4164,Neon Fuchsia,254,65,100,,https://www.color-hex.com/color/fe4164,color-hex.com,
#39ff14,Neon Green,57,255,20,,https://www.color-hex.com/color/39ff14,color-hex.com,
#727472,Nickel,114,116,114,,https://www.color-hex.com/color/727472,color-hex.com,
#e9ffdb,Nyanza,233,255,219,,https://www.color-hex.com/color/e9ffdb,color-hex.com,
#4f42b5,Ocean Blue,79,66,181,,https://www.color-hex.com/color/4f42b5,color-hex.com,
#48bf91,Ocean Green,72,191,145,,https://www.color-hex.com/color/48bf91,color-hex.com,
#cc7722,Ochre,204,119,34,,https://www.color-hex.com/color/cc7722,color-hex.com,
#43302e,Old Burgundy,67,48,46,,https://www.color-hex.com/color/43302e,color-hex.com,
#cfb53b,Old Gold,207,181,59,,https://www.color-hex.com/color/cfb53b,color-hex.com,
#796878,Old Lavender,121,104,120,,https://www.color-hex.com/color/796878,color-hex.com,
#673147,Old Mauve,103,49,71,,https://www.color-hex.com/color/673147,color-hex.com,
#c08081,Old Rose,192,128,129,,https://www.color-hex.com/color/c08081,color-hex.com,
#fdf5e6,OldLace,253,245,230,,https://www.color-hex.com/color/fdf5e6,color-hex.com,
#808000,Olive,128,128,0,,https://www.color-hex.com/color/808000,color-hex.com,
#b5b35c,Olive Green,181,179,92,,https://www.color-hex.com/color/b5b35c,color-hex.com,
#6b8e23,OliveDrab,107,142,35,,https://www.color-hex.com/color/6b8e23,color-hex.com,
#c0ff3e,OliveDrab1,192,255,62,,https://www.color-hex.com/color/c0ff3e,color-hex.com,
#b3ee3a,OliveDrab2,179,238,58,,https://www.color-hex.com/color/b3ee3a,color-hex.com,
#698b22,OliveDrab4,105,139,34,,https://www.color-hex.com/color/698b22,color-hex.com,
#9ab973,Olivine,154,185,115,,https://www.color-hex.com/color/9ab973,color-hex.com,
#a8c3bc,Opal,168,195,188,,https://www.color-hex.com/color/a8c3bc,color-hex.com,
#b784a7,Opera Maue,183,132,167,,https://www.color-hex.com/color/b784a7,color-hex.com,
#ff5800,Orange (Crayola),255,88,0,,https://www.color-hex.com/color/ff5800,color-hex.com,
#ff9f00,Orange Peel,255,159,0,,https://www.color-hex.com/color/ff9f00,color-hex.com,
#fa5b3d,Orange Soda,250,91,61,,https://www.color-hex.com/color/fa5b3d,color-hex.com,
#ffa500,Orange1,255,165,0,,https://www.color-hex.com/color/ffa500,color-hex.com,
#ee9a00,Orange2,238,154,0,,https://www.color-hex.com/color/ee9a00,color-hex.com,
#cd8500,Orange3,205,133,0,,https://www.color-hex.com/color/cd8500,color-hex.com,
#8b5a00,Orange4,139,90,0,,https://www.color-hex.com/color/8b5a00,color-hex.com,
#ff4500,OrangeRed1,255,69,0,,https://www.color-hex.com/color/ff4500,color-hex.com,
#ee4000,OrangeRed2,238,64,0,,https://www.color-hex.com/color/ee4000,color-hex.com,
#cd3700,OrangeRed3,205,55,0,,https://www.color-hex.com/color/cd3700,color-hex.com,
#8b2500,OrangeRed4,139,37,0,,https://www.color-hex.com/color/8b2500,color-hex.com,
#da70d6,Orchid,218,112,214,,https://www.color-hex.com/color/da70d6,color-hex.com,
#e29cd2,Orchid (Crayola),226,156,210,,https://www.color-hex.com/color/e29cd2,color-hex.com,
#f2bdcd,Orchid Pink,242,189,205,,https://www.color-hex.com/color/f2bdcd,color-hex.com,
#ff83fa,Orchid1,255,131,250,,https://www.color-hex.com/color/ff83fa,color-hex.com,
#ee7ae9,Orchid2,238,122,233,,https://www.color-hex.com/color/ee7ae9,color-hex.com,
#cd69c9,Orchid3,205,105,201,,https://www.color-hex.com/color/cd69c9,color-hex.com,
#8b4789,Orchid4,139,71,137,,https://www.color-hex.com/color/8b4789,color-hex.com,
#ff6e4a,Outrageous Orange,255,110,74,,https://www.color-hex.com/color/ff6e4a,color-hex.com,
#4a0000,Oxblood,74,0,0,,https://www.color-hex.com/color/4a0000,color-hex.com,
#002147,Oxford Blue,0,33,71,,https://www.color-hex.com/color/002147,color-hex.com,
#1ca9c9,Pacific Blue,28,169,201,,https://www.color-hex.com/color/1ca9c9,color-hex.com,
#682860,Palatinate Purple,104,40,96,,https://www.color-hex.com/color/682860,color-hex.com,
#db7093,Pale,219,112,147,,https://www.color-hex.com/color/db7093,color-hex.com,
#bcd4e6,Pale Aqua,188,212,230,,https://www.color-hex.com/color/bcd4e6,color-hex.com,
#9bc4e2,Pale Cerulean,155,196,226,,https://www.color-hex.com/color/9bc4e2,color-hex.com,
#fadadd,Pale Pink,250,218,221,,https://www.color-hex.com/color/fadadd,color-hex.com,
#c9c0bb,Pale Silver,201,192,187,,https://www.color-hex.com/color/c9c0bb,color-hex.com,
#ecebbd,Pale Spring Bud,236,235,189,,https://www.color-hex.com/color/ecebbd,color-hex.com,
#eee8aa,PaleGoldenrod,238,232,170,,https://www.color-hex.com/color/eee8aa,color-hex.com,
#98fb98,PaleGreen,152,251,152,,https://www.color-hex.com/color/98fb98,color-hex.com,
#9aff9a,PaleGreen1,154,255,154,,https://www.color-hex.com/color/9aff9a,color-hex.com,
#90ee90,PaleGreen2,144,238,144,,https://www.color-hex.com/color/90ee90,color-hex.com,
#7ccd7c,PaleGreen3,124,205,124,,https://www.color-hex.com/color/7ccd7c,color-hex.com,
#548b54,PaleGreen4,84,139,84,,https://www.color-hex.com/color/548b54,color-hex.com,
#afeeee,PaleTurquoise,175,238,238,,https://www.color-hex.com/color/afeeee,color-hex.com,
#bbffff,PaleTurquoise1,187,255,255,,https://www.color-hex.com/color/bbffff,color-hex.com,
#aeeeee,PaleTurquoise2,174,238,238,,https://www.color-hex.com/color/aeeeee,color-hex.com,
#96cdcd,PaleTurquoise3,150,205,205,,https://www.color-hex.com/color/96cdcd,color-hex.com,
#668b8b,PaleTurquoise4,102,139,139,,https://www.color-hex.com/color/668b8b,color-hex.com,
#db7093,PaleVioletRed,219,112,147,,https://www.color-hex.com/color/db7093,color-hex.com,
#ff82ab,PaleVioletRed1,255,130,171,,https://www.color-hex.com/color/ff82ab,color-hex.com,
#ee799f,PaleVioletRed2,238,121,159,,https://www.color-hex.com/color/ee799f,color-hex.com,
#cd6889,PaleVioletRed3,205,104,137,,https://www.color-hex.com/color/cd6889,color-hex.com,
#8b475d,PaleVioletRed4,139,71,93,,https://www.color-hex.com/color/8b475d,color-hex.com,
#78184a,Pansy Purple,120,24,74,,https://www.color-hex.com/color/78184a,color-hex.com,
#ffefd5,PapayaWhip,255,239,213,,https://www.color-hex.com/color/ffefd5,color-hex.com,
#e63e62,Paradise Pink,230,62,98,,https://www.color-hex.com/color/e63e62,color-hex.com,
#dea5a4,Pastel Pink,222,165,164,,https://www.color-hex.com/color/dea5a4,color-hex.com,
#800080,Patriarch (Purple),128,0,128,,https://www.color-hex.com/color/800080,color-hex.com,
#ffe5b4,Peach,255,229,180,,https://www.color-hex.com/color/ffe5b4,color-hex.com,
#ffdab9,PeachPuff1,255,218,185,,https://www.color-hex.com/color/ffdab9,color-hex.com,
#eecbad,PeachPuff2,238,203,173,,https://www.color-hex.com/color/eecbad,color-hex.com,
#cdaf95,PeachPuff3,205,175,149,,https://www.color-hex.com/color/cdaf95,color-hex.com,
#8b7765,PeachPuff4,139,119,101,,https://www.color-hex.com/color/8b7765,color-hex.com,
#d1e231,Pear,209,226,49,,https://www.color-hex.com/color/d1e231,color-hex.com,
#b768a2,Pearly Purple,183,104,162,,https://www.color-hex.com/color/b768a2,color-hex.com,
#1c39bb,Persian Blue,28,57,187,,https://www.color-hex.com/color/1c39bb,color-hex.com,
#00a693,Persian Green,0,166,147,,https://www.color-hex.com/color/00a693,color-hex.com,
#32127a,Persian Indigo,50,18,122,,https://www.color-hex.com/color/32127a,color-hex.com,
#d99058,Persian Orange,217,144,88,,https://www.color-hex.com/color/d99058,color-hex.com,
#f77fbe,Persian Pink,247,127,190,,https://www.color-hex.com/color/f77fbe,color-hex.com,
#701c1c,Persian Plum,112,28,28,,https://www.color-hex.com/color/701c1c,color-hex.com,
#cc3333,Persian Red,204,51,51,,https://www.color-hex.com/color/cc3333,color-hex.com,
#fe28a2,Persian Rose,254,40,162,,https://www.color-hex.com/color/fe28a2,color-hex.com,
#8ba8b7,Pewter Blue,139,168,183,,https://www.color-hex.com/color/8ba8b7,color-hex.com,
#000f89,Phthalo Blue,0,15,137,,https://www.color-hex.com/color/000f89,color-hex.com,
#123524,Phthalo Green,18,53,36,,https://www.color-hex.com/color/123524,color-hex.com,
#c30b4e,Pictorial Carmine,195,11,78,,https://www.color-hex.com/color/c30b4e,color-hex.com,
#fddde6,Piggy Pink,253,221,230,,https://www.color-hex.com/color/fddde6,color-hex.com,
#01796f,Pine Green,1,121,111,,https://www.color-hex.com/color/01796f,color-hex.com,
#2a2f23,Pine Tree,42,47,35,,https://www.color-hex.com/color/2a2f23,color-hex.com,
#ffc0cb,Pink,255,192,203,,https://www.color-hex.com/color/ffc0cb,color-hex.com,
#d74894,Pink (Pantone),215,72,148,,https://www.color-hex.com/color/d74894,color-hex.com,
#fc74fd,Pink Flamingo,252,116,253,,https://www.color-hex.com/color/fc74fd,color-hex.com,
#f78fa7,Pink Sherbet,247,143,167,,https://www.color-hex.com/color/f78fa7,color-hex.com,
#ffb5c5,Pink1,255,181,197,,https://www.color-hex.com/color/ffb5c5,color-hex.com,
#eea9b8,Pink2,238,169,184,,https://www.color-hex.com/color/eea9b8,color-hex.com,
#cd919e,Pink3,205,145,158,,https://www.color-hex.com/color/cd919e,color-hex.com,
#8b636c,Pink4,139,99,108,,https://www.color-hex.com/color/8b636c,color-hex.com,
#93c572,Pistachio,147,197,114,,https://www.color-hex.com/color/93c572,color-hex.com,
#e5e4e2,Platinum,229,228,226,,https://www.color-hex.com/color/e5e4e2,color-hex.com,
#8e4585,Plum,142,69,133,,https://www.color-hex.com/color/8e4585,color-hex.com,
#ffbbff,Plum1,255,187,255,,https://www.color-hex.com/color/ffbbff,color-hex.com,
#eeaeee,Plum2,238,174,238,,https://www.color-hex.com/color/eeaeee,color-hex.com,
#cd96cd,Plum3,205,150,205,,https://www.color-hex.com/color/cd96cd,color-hex.com,
#8b668b,Plum4,139,102,139,,https://www.color-hex.com/color/8b668b,color-hex.com,
#5946b2,Plump Purple,89,70,178,,https://www.color-hex.com/color/5946b2,color-hex.com,
#ff5a36,Portland Orange,255,90,54,,https://www.color-hex.com/color/ff5a36,color-hex.com,
#b0e0e6,PowderBlue,176,224,230,,https://www.color-hex.com/color/b0e0e6,color-hex.com,
#003153,Prussian Blue,0,49,83,,https://www.color-hex.com/color/003153,color-hex.com,
#cc8899,Puce,204,136,153,,https://www.color-hex.com/color/cc8899,color-hex.com,
#ff7518,Pumpkin,255,117,24,,https://www.color-hex.com/color/ff7518,color-hex.com,
#a020f0,Purple,160,32,240,,https://www.color-hex.com/color/a020f0,color-hex.com,
#9b30ff,Purple1,155,48,255,,https://www.color-hex.com/color/9b30ff,color-hex.com,
#912cee,Purple2,145,44,238,,https://www.color-hex.com/color/912cee,color-hex.com,
#7d26cd,Purple3,125,38,205,,https://www.color-hex.com/color/7d26cd,color-hex.com,
#551a8b,Purple4,85,26,139,,https://www.color-hex.com/color/551a8b,color-hex.com,
#8e3a59,Quinacridone Magenta,142,58,89,,https://www.color-hex.com/color/8e3a59,color-hex.com,
#ff355e,Radical Red,255,53,94,,https://www.color-hex.com/color/ff355e,color-hex.com,
#e30b5d,Raspberry,227,11,93,,https://www.color-hex.com/color/e30b5d,color-hex.com,
#e3256b,Razzmatazz,227,37,107,,https://www.color-hex.com/color/e3256b,color-hex.com,
#663399,Rebeccapurple,102,51,153,,https://www.color-hex.com/color/663399,color-hex.com,
#ff5349,Red Orange,255,83,73,,https://www.color-hex.com/color/ff5349,color-hex.com,
#ff0000,Red1,255,0,0,,https://www.color-hex.com/color/ff0000,color-hex.com,
#ee0000,Red2,238,0,0,,https://www.color-hex.com/color/ee0000,color-hex.com,
#cd0000,Red3,205,0,0,,https://www.color-hex.com/color/cd0000,color-hex.com,
#8b0000,Red4,139,0,0,,https://www.color-hex.com/color/8b0000,color-hex.com,
#a45a52,Redwood,164,90,82,,https://www.color-hex.com/color/a45a52,color-hex.com,
#444c38,Rifle Green,68,76,56,,https://www.color-hex.com/color/444c38,color-hex.com,
#8a7f80,Rocket Metallic,138,127,128,,https://www.color-hex.com/color/8a7f80,color-hex.com,
#ff007f,Rose,255,0,127,,https://www.color-hex.com/color/ff007f,color-hex.com,
#f9429e,Rose Bonbon,249,66,158,,https://www.color-hex.com/color/f9429e,color-hex.com,
#9e5e6f,Rose Dust,158,94,111,,https://www.color-hex.com/color/9e5e6f,color-hex.com,
#ff66cc,Rose Pink,255,102,204,,https://www.color-hex.com/color/ff66cc,color-hex.com,
#905d5d,Rose Taupe,144,93,93,,https://www.color-hex.com/color/905d5d,color-hex.com,
#65000b,Rosewood,101,0,11,,https://www.color-hex.com/color/65000b,color-hex.com,
#bc8f8f,RosyBrown,188,143,143,,https://www.color-hex.com/color/bc8f8f,color-hex.com,
#ffc1c1,RosyBrown1,255,193,193,,https://www.color-hex.com/color/ffc1c1,color-hex.com,
#eeb4b4,RosyBrown2,238,180,180,,https://www.color-hex.com/color/eeb4b4,color-hex.com,
#cd9b9b,RosyBrown3,205,155,155,,https://www.color-hex.com/color/cd9b9b,color-hex.com,
#8b6969,RosyBrown4,139,105,105,,https://www.color-hex.com/color/8b6969,color-hex.com,
#4169e1,RoyalBlue,65,105,225,,https://www.color-hex.com/color/4169e1,color-hex.com,
#4876ff,RoyalBlue1,72,118,255,,https://www.color-hex.com/color/4876ff,color-hex.com,
#436eee,RoyalBlue2,67,110,238,,https://www.color-hex.com/color/436eee,color-hex.com,
#3a5fcd,RoyalBlue3,58,95,205,,https://www.color-hex.com/color/3a5fcd,color-hex.com,
#27408b,RoyalBlue4,39,64,139,,https://www.color-hex.com/color/27408b,color-hex.com,
#e0115f,Ruby,224,17,95,,https://www.color-hex.com/color/e0115f,color-hex.com,
#80461b,Russet,128,70,27,,https://www.color-hex.com/color/80461b,color-hex.com,
#679267,Russian Green,103,146,103,,https://www.color-hex.com/color/679267,color-hex.com,
#32174d,Russian Violet,50,23,77,,https://www.color-hex.com/color/32174d,color-hex.com,
#b7410e,Rust,183,65,14,,https://www.color-hex.com/color/b7410e,color-hex.com,
#8b4513,SaddleBrown,139,69,19,,https://www.color-hex.com/color/8b4513,color-hex.com,
#f4c430,Saffron,244,196,48,,https://www.color-hex.com/color/f4c430,color-hex.com,
#bcb88a,Sage,188,184,138,,https://www.color-hex.com/color/bcb88a,color-hex.com,
#fa8072,Salmon,250,128,114,,https://www.color-hex.com/color/fa8072,color-hex.com,
#ff8c69,Salmon1,255,140,105,,https://www.color-hex.com/color/ff8c69,color-hex.com,
#ee8262,Salmon2,238,130,98,,https://www.color-hex.com/color/ee8262,color-hex.com,
#cd7054,Salmon3,205,112,84,,https://www.color-hex.com/color/cd7054,color-hex.com,
#8b4c39,Salmon4,139,76,57,,https://www.color-hex.com/color/8b4c39,color-hex.com,
#f4a460,SandyBrown,244,164,96,,https://www.color-hex.com/color/f4a460,color-hex.com,
#507d2a,Sap Green,80,125,42,,https://www.color-hex.com/color/507d2a,color-hex.com,
#0f52ba,Sapphire,15,82,186,,https://www.color-hex.com/color/0f52ba,color-hex.com,
#ff2400,Scarlet,255,36,0,,https://www.color-hex.com/color/ff2400,color-hex.com,
#ffd800,School Bus Yellow,255,216,0,,https://www.color-hex.com/color/ffd800,color-hex.com,
#54ff9f,SeaGreen1,84,255,159,,https://www.color-hex.com/color/54ff9f,color-hex.com,
#4eee94,SeaGreen2,78,238,148,,https://www.color-hex.com/color/4eee94,color-hex.com,
#43cd80,SeaGreen3,67,205,128,,https://www.color-hex.com/color/43cd80,color-hex.com,
#2e8b57,SeaGreen4,46,139,87,,https://www.color-hex.com/color/2e8b57,color-hex.com,
#59260b,Seal Brown,89,38,11,,https://www.color-hex.com/color/59260b,color-hex.com,
#fff5ee,Seashell1,255,245,238,,https://www.color-hex.com/color/fff5ee,color-hex.com,
#eee5de,Seashell2,238,229,222,,https://www.color-hex.com/color/eee5de,color-hex.com,
#cdc5bf,Seashell3,205,197,191,,https://www.color-hex.com/color/cdc5bf,color-hex.com,
#8b8682,Seashell4,139,134,130,,https://www.color-hex.com/color/8b8682,color-hex.com,
#ffba00,Selective Yellow,255,186,0,,https://www.color-hex.com/color/ffba00,color-hex.com,
#704214,Sepia,112,66,20,,https://www.color-hex.com/color/704214,color-hex.com,
#009e60,Shamrock Green,0,158,96,,https://www.color-hex.com/color/009e60,color-hex.com,
#fc0fc0,Shocking Pink,252,15,192,,https://www.color-hex.com/color/fc0fc0,color-hex.com,
#a0522d,Sienna,160,82,45,,https://www.color-hex.com/color/a0522d,color-hex.com,
#ff8247,Sienna1,255,130,71,,https://www.color-hex.com/color/ff8247,color-hex.com,
#ee7942,Sienna2,238,121,66,,https://www.color-hex.com/color/ee7942,color-hex.com,
#cd6839,Sienna3,205,104,57,,https://www.color-hex.com/color/cd6839,color-hex.com,
#8b4726,Sienna4,139,71,38,,https://www.color-hex.com/color/8b4726,color-hex.com,
#c0c0c0,Silver,192,192,192,,https://www.color-hex.com/color/c0c0c0,color-hex.com,
#c4aead,Silver Pink,196,174,173,,https://www.color-hex.com/color/c4aead,color-hex.com,
#cb410b,Sinopia,203,65,11,,https://www.color-hex.com/color/cb410b,color-hex.com,
#007474,Skobeloff,0,116,116,,https://www.color-hex.com/color/007474,color-hex.com,
#87ceeb,SkyBlue,135,206,235,,https://www.color-hex.com/color/87ceeb,color-hex.com,
#87ceff,SkyBlue1,135,206,255,,https://www.color-hex.com/color/87ceff,color-hex.com,
#7ec0ee,SkyBlue2,126,192,238,,https://www.color-hex.com/color/7ec0ee,color-hex.com,
#6ca6cd,SkyBlue3,108,166,205,,https://www.color-hex.com/color/6ca6cd,color-hex.com,
#4a708b,SkyBlue4,74,112,139,,https://www.color-hex.com/color/4a708b,color-hex.com,
#6a5acd,SlateBlue,106,90,205,,https://www.color-hex.com/color/6a5acd,color-hex.com,
#836fff,SlateBlue1,131,111,255,,https://www.color-hex.com/color/836fff,color-hex.com,
#7a67ee,SlateBlue2,122,103,238,,https://www.color-hex.com/color/7a67ee,color-hex.com,
#6959cd,SlateBlue3,105,89,205,,https://www.color-hex.com/color/6959cd,color-hex.com,
#473c8b,SlateBlue4,71,60,139,,https://www.color-hex.com/color/473c8b,color-hex.com,
#708090,SlateGray,112,128,144,,https://www.color-hex.com/color/708090,color-hex.com,
#c6e2ff,SlateGray1,198,226,255,,https://www.color-hex.com/color/c6e2ff,color-hex.com,
#b9d3ee,SlateGray2,185,211,238,,https://www.color-hex.com/color/b9d3ee,color-hex.com,
#9fb6cd,SlateGray3,159,182,205,,https://www.color-hex.com/color/9fb6cd,color-hex.com,
#6c7b8b,SlateGray4,108,123,139,,https://www.color-hex.com/color/6c7b8b,color-hex.com,
#100c08,Smoky Black,16,12,8,,https://www.color-hex.com/color/100c08,color-hex.com,
#fffafa,Snow1,255,250,250,,https://www.color-hex.com/color/fffafa,color-hex.com,
#eee9e9,Snow2,238,233,233,,https://www.color-hex.com/color/eee9e9,color-hex.com,
#cdc9c9,Snow3,205,201,201,,https://www.color-hex.com/color/cdc9c9,color-hex.com,
#8b8989,Snow4,139,137,137,,https://www.color-hex.com/color/8b8989,color-hex.com,
#807532,Spanish Bistre,128,117,50,,https://www.color-hex.com/color/807532,color-hex.com,
#e86100,Spanish Orange,232,97,0,,https://www.color-hex.com/color/e86100,color-hex.com,
#f7bfbe,Spanish Pink,247,191,190,,https://www.color-hex.com/color/f7bfbe,color-hex.com,
#007f5c,Spanish Viridian,0,127,92,,https://www.color-hex.com/color/007f5c,color-hex.com,
#a7fc00,Spring Bud,167,252,0,,https://www.color-hex.com/color/a7fc00,color-hex.com,
#87ff2a,Spring Frost,135,255,42,,https://www.color-hex.com/color/87ff2a,color-hex.com,
#00ff7f,SpringGreen1,0,255,127,,https://www.color-hex.com/color/00ff7f,color-hex.com,
#00ee76,SpringGreen2,0,238,118,,https://www.color-hex.com/color/00ee76,color-hex.com,
#00cd66,SpringGreen3,0,205,102,,https://www.color-hex.com/color/00cd66,color-hex.com,
#008b45,SpringGreen4,0,139,69,,https://www.color-hex.com/color/008b45,color-hex.com,
#cc33cc,Steel Pink,204,51,204,,https://www.color-hex.com/color/cc33cc,color-hex.com,
#4682b4,SteelBlue,70,130,180,,https://www.color-hex.com/color/4682b4,color-hex.com,
#63b8ff,SteelBlue1,99,184,255,,https://www.color-hex.com/color/63b8ff,color-hex.com,
#5cacee,SteelBlue2,92,172,238,,https://www.color-hex.com/color/5cacee,color-hex.com,
#4f94cd,SteelBlue3,79,148,205,,https://www.color-hex.com/color/4f94cd,color-hex.com,
#36648b,SteelBlue4,54,100,139,,https://www.color-hex.com/color/36648b,color-hex.com,
#e4d96f,Straw,228,217,111,,https://www.color-hex.com/color/e4d96f,color-hex.com,
#ffcc33,Sunglow,255,204,51,,https://www.color-hex.com/color/ffcc33,color-hex.com,
#cf6ba9,Super Pink,207,107,169,,https://www.color-hex.com/color/cf6ba9,color-hex.com,
#a83731,Sweet Brown,168,55,49,,https://www.color-hex.com/color/a83731,color-hex.com,
#d2b48c,Tan,210,180,140,,https://www.color-hex.com/color/d2b48c,color-hex.com,
#ffa54f,Tan1,255,165,79,,https://www.color-hex.com/color/ffa54f,color-hex.com,
#ee9a49,Tan2,238,154,73,,https://www.color-hex.com/color/ee9a49,color-hex.com,
#cd853f,Tan3,205,133,63,,https://www.color-hex.com/color/cd853f,color-hex.com,
#8b5a2b,Tan4,139,90,43,,https://www.color-hex.com/color/8b5a2b,color-hex.com,
#f28500,Tangerine,242,133,0,,https://www.color-hex.com/color/f28500,color-hex.com,
#fb4d46,Tart Orange,251,77,70,,https://www.color-hex.com/color/fb4d46,color-hex.com,
#483c32,Taupe,72,60,50,,https://www.color-hex.com/color/483c32,color-hex.com,
#8b8589,Taupe Gray,139,133,137,,https://www.color-hex.com/color/8b8589,color-hex.com,
#d0f0c0,Tea Green,208,240,192,,https://www.color-hex.com/color/d0f0c0,color-hex.com,
#008080,Teal,0,128,128,,https://www.color-hex.com/color/008080,color-hex.com,
#367588,Teal Blue,54,117,136,,https://www.color-hex.com/color/367588,color-hex.com,
#e2725b,Terra Cotta,226,114,91,,https://www.color-hex.com/color/e2725b,color-hex.com,
#d8bfd8,Thistle,216,191,216,,https://www.color-hex.com/color/d8bfd8,color-hex.com,
#ffe1ff,Thistle1,255,225,255,,https://www.color-hex.com/color/ffe1ff,color-hex.com,
#eed2ee,Thistle2,238,210,238,,https://www.color-hex.com/color/eed2ee,color-hex.com,
#cdb5cd,Thistle3,205,181,205,,https://www.color-hex.com/color/cdb5cd,color-hex.com,
#8b7b8b,Thistle4,139,123,139,,https://www.color-hex.com/color/8b7b8b,color-hex.com,
#0abab5,Tiffany Blue,10,186,181,,https://www.color-hex.com/color/0abab5,color-hex.com,
#dbd7d2,Timberwolf,219,215,210,,https://www.color-hex.com/color/dbd7d2,color-hex.com,
#eee600,Titanium Yellow,238,230,0,,https://www.color-hex.com/color/eee600,color-hex.com,
#ff6347,Tomato1,255,99,71,,https://www.color-hex.com/color/ff6347,color-hex.com,
#ee5c42,Tomato2,238,92,66,,https://www.color-hex.com/color/ee5c42,color-hex.com,
#cd4f39,Tomato3,205,79,57,,https://www.color-hex.com/color/cd4f39,color-hex.com,
#8b3626,Tomato4,139,54,38,,https://www.color-hex.com/color/8b3626,color-hex.com,
#00755e,Tropical Rainforest,0,117,94,,https://www.color-hex.com/color/00755e,color-hex.com,
#deaa88,Tumbleweed,222,170,136,,https://www.color-hex.com/color/deaa88,color-hex.com,
#40e0d0,Turquoise,64,224,208,,https://www.color-hex.com/color/40e0d0,color-hex.com,
#00ffef,Turquoise Blue,0,255,239,,https://www.color-hex.com/color/00ffef,color-hex.com,
#00f5ff,Turquoise1,0,245,255,,https://www.color-hex.com/color/00f5ff,color-hex.com,
#00e5ee,Turquoise2,0,229,238,,https://www.color-hex.com/color/00e5ee,color-hex.com,
#00c5cd,Turquoise3,0,197,205,,https://www.color-hex.com/color/00c5cd,color-hex.com,
#00868b,Turquoise4,0,134,139,,https://www.color-hex.com/color/00868b,color-hex.com,
#7c4848,Tuscan Red,124,72,72,,https://www.color-hex.com/color/7c4848,color-hex.com,
#c09999,Tuscany,192,153,153,,https://www.color-hex.com/color/c09999,color-hex.com,
#8a496b,Twilight Lavender,138,73,107,,https://www.color-hex.com/color/8a496b,color-hex.com,
#66023c,Tyrian Purple,102,2,60,,https://www.color-hex.com/color/66023c,color-hex.com,
#014421,UP Forest Green,1,68,33,,https://www.color-hex.com/color/014421,color-hex.com,
#7b1113,UP Maroon,123,17,19,,https://www.color-hex.com/color/7b1113,color-hex.com,
#ff6fff,Ultra Pink,255,111,255,,https://www.color-hex.com/color/ff6fff,color-hex.com,
#3f00ff,Ultramarine,63,0,255,,https://www.color-hex.com/color/3f00ff,color-hex.com,
#4166f5,Ultramarine Blue,65,102,245,,https://www.color-hex.com/color/4166f5,color-hex.com,
#ffddca,Unbleached Silk,255,221,202,,https://www.color-hex.com/color/ffddca,color-hex.com,
#5b92e5,United Nations Blue,91,146,229,,https://www.color-hex.com/color/5b92e5,color-hex.com,
#ae2029,Upsdell Red,174,32,41,,https://www.color-hex.com/color/ae2029,color-hex.com,
#664228,Van Dyke Brown,102,66,40,,https://www.color-hex.com/color/664228,color-hex.com,
#f3e5ab,Vanilla,243,229,171,,https://www.color-hex.com/color/f3e5ab,color-hex.com,
#f38fa9,Vanilla Ice,243,143,169,,https://www.color-hex.com/color/f38fa9,color-hex.com,
#c5b358,Vegas Gold,197,179,88,,https://www.color-hex.com/color/c5b358,color-hex.com,
#c80815,Venetian Red,200,8,21,,https://www.color-hex.com/color/c80815,color-hex.com,
#43b3ae,Verdigris,67,179,174,,https://www.color-hex.com/color/43b3ae,color-hex.com,
#e34234,Vermillion,227,66,52,,https://www.color-hex.com/color/e34234,color-hex.com,
#ee82ee,Violet,238,130,238,,https://www.color-hex.com/color/ee82ee,color-hex.com,
#d02090,VioletRed,208,32,144,,https://www.color-hex.com/color/d02090,color-hex.com,
#ff3e96,VioletRed1,255,62,150,,https://www.color-hex.com/color/ff3e96,color-hex.com,
#ee3a8c,VioletRed2,238,58,140,,https://www.color-hex.com/color/ee3a8c,color-hex.com,
#cd3278,VioletRed3,205,50,120,,https://www.color-hex.com/color/cd3278,color-hex.com,
#8b2252,VioletRed4,139,34,82,,https://www.color-hex.com/color/8b2252,color-hex.com,
#40826d,Viridian,64,130,109,,https://www.color-hex.com/color/40826d,color-hex.com,
#009698,Viridian Green,0,150,152,,https://www.color-hex.com/color/009698,color-hex.com,
#9f1d35,Vivid Burgundy,159,29,53,,https://www.color-hex.com/color/9f1d35,color-hex.com,
#00ccff,Vivid Sky Blue,0,204,255,,https://www.color-hex.com/color/00ccff,color-hex.com,
#ffa089,Vivid Tangerine,255,160,137,,https://www.color-hex.com/color/ffa089,color-hex.com,
#9f00ff,Vivid Violet,159,0,255,,https://www.color-hex.com/color/9f00ff,color-hex.com,
#ceff00,Volt,206,255,0,,https://www.color-hex.com/color/ceff00,color-hex.com,
#004242,Warm Black,0,66,66,,https://www.color-hex.com/color/004242,color-hex.com,
#f5deb3,Wheat,245,222,179,,https://www.color-hex.com/color/f5deb3,color-hex.com,
#ffe7ba,Wheat1,255,231,186,,https://www.color-hex.com/color/ffe7ba,color-hex.com,
#eed8ae,Wheat2,238,216,174,,https://www.color-hex.com/color/eed8ae,color-hex.com,
#cdba96,Wheat3,205,186,150,,https://www.color-hex.com/color/cdba96,color-hex.com,
#8b7e66,Wheat4,139,126,102,,https://www.color-hex.com/color/8b7e66,color-hex.com,
#ffffff,White,255,255,255,,https://www.color-hex.com/color/ffffff,color-hex.com,
#f5f5f5,WhiteSmoke,245,245,245,,https://www.color-hex.com/color/f5f5f5,color-hex.com,
#a2add0,Wild Blue Yonder,162,173,208,,https://www.color-hex.com/color/a2add0,color-hex.com,
#d470a2,Wild Orchid,212,112,162,,https://www.color-hex.com/color/d470a2,color-hex.com,
#ff43a4,Wild Strawberry,255,67,164,,https://www.color-hex.com/color/ff43a4,color-hex.com,
#a75502,Windsor Tan,167,85,2,,https://www.color-hex.com/color/a75502,color-hex.com,
#722f37,Wine,114,47,55,,https://www.color-hex.com/color/722f37,color-hex.com,
#56887d,Wintergreen Dream,86,136,125,,https://www.color-hex.com/color/56887d,color-hex.com,
#c9a0dc,Wisteria,201,160,220,,https://www.color-hex.com/color/c9a0dc,color-hex.com,
#738678,Xanadu,115,134,120,,https://www.color-hex.com/color/738678,color-hex.com,
#ffae42,Yellow Orange,255,174,66,,https://www.color-hex.com/color/ffae42,color-hex.com,
#fedf00,Yellow Pantone,254,223,0,,https://www.color-hex.com/color/fedf00,color-hex.com,
#ffff00,Yellow1,255,255,0,,https://www.color-hex.com/color/ffff00,color-hex.com,
#eeee00,Yellow2,238,238,0,,https://www.color-hex.com/color/eeee00,color-hex.com,
#cdcd00,Yellow3,205,205,0,,https://www.color-hex.com/color/cdcd00,color-hex.com,
#8b8b00,Yellow4,139,139,0,,https://www.color-hex.com/color/8b8b00,color-hex.com,
#9acd32,YellowGreen,154,205,50,,https://www.color-hex.com/color/9acd32,color-hex.com,
#0014a8,Zaffre,0,20,168,,https://www.color-hex.com/color/0014a8,color-hex.com,
#39a78e,Zomp,57,167,142,,https://www.color-hex.com/color/39a78e,color-hex.com,